ano,mes,delegacia,populacao,densidade_demografica,idh,furtos,roubos,homicidios_dolosos,lesao_corporal,estelionato,trafico_drogas,total_ocorrencias,trimestre,taxa_por_100k,mes_sin,mes_cos
2018,1,Centro,371000,14200,0.84,132,84,2,67,43,38,434,1,116.9811320754717,0.49999999999999994,0.8660254037844387
2018,2,Centro,371000,14200,0.84,132,103,2,57,43,34,439,1,118.3288409703504,0.8660254037844386,0.5000000000000001
2018,3,Centro,371000,14200,0.84,121,93,4,61,44,34,459,1,123.71967654986524,1.0,6.123233995736766e-17
2018,4,Centro,371000,14200,0.84,139,117,4,57,51,57,521,2,140.43126684636118,0.8660254037844387,-0.4999999999999998
2018,5,Centro,371000,14200,0.84,171,123,4,76,51,43,575,2,154.98652291105122,0.49999999999999994,-0.8660254037844387
2018,6,Centro,371000,14200,0.84,156,112,4,63,60,56,560,2,150.94339622641508,1.2246467991473532e-16,-1.0
2018,7,Centro,371000,14200,0.84,161,112,4,49,42,42,506,3,136.38814016172506,-0.4999999999999997,-0.8660254037844388
2018,8,Centro,371000,14200,0.84,160,107,3,64,49,43,503,3,135.57951482479785,-0.8660254037844384,-0.5000000000000004
2018,9,Centro,371000,14200,0.84,115,112,2,68,47,39,449,3,121.02425876010781,-1.0,-1.8369701987210297e-16
2018,10,Centro,371000,14200,0.84,119,104,3,64,35,29,426,4,114.82479784366576,-0.8660254037844386,0.5000000000000001
2018,11,Centro,371000,14200,0.84,133,79,2,38,37,30,386,4,104.04312668463612,-0.5000000000000004,0.8660254037844384
2018,12,Centro,371000,14200,0.84,132,79,3,60,51,44,454,4,122.37196765498652,-2.4492935982947064e-16,1.0
2019,1,Centro,371000,14200,0.84,117,104,2,55,49,32,429,1,115.63342318059298,0.49999999999999994,0.8660254037844387
2019,2,Centro,371000,14200,0.84,139,112,4,61,59,36,512,1,138.0053908355795,0.8660254037844386,0.5000000000000001
2019,3,Centro,371000,14200,0.84,148,96,3,58,59,39,480,1,129.3800539083558,1.0,6.123233995736766e-17
2019,4,Centro,371000,14200,0.84,158,123,3,68,55,44,538,2,145.0134770889488,0.8660254037844387,-0.4999999999999998
2019,5,Centro,371000,14200,0.84,168,131,3,76,47,53,573,2,154.44743935309975,0.49999999999999994,-0.8660254037844387
2019,6,Centro,371000,14200,0.84,188,101,3,81,49,42,559,2,150.67385444743937,1.2246467991473532e-16,-1.0
2019,7,Centro,371000,14200,0.84,149,98,3,73,63,34,513,3,138.27493261455527,-0.4999999999999997,-0.8660254037844388
2019,8,Centro,371000,14200,0.84,169,132,3,52,49,41,541,3,145.822102425876,-0.8660254037844384,-0.5000000000000004
2019,9,Centro,371000,14200,0.84,130,105,3,52,44,45,453,3,122.10242587601077,-1.0,-1.8369701987210297e-16
2019,10,Centro,371000,14200,0.84,154,86,3,56,45,37,473,4,127.4932614555256,-0.8660254037844386,0.5000000000000001
2019,11,Centro,371000,14200,0.84,152,101,3,58,55,29,479,4,129.11051212938006,-0.5000000000000004,0.8660254037844384
2019,12,Centro,371000,14200,0.84,143,97,2,52,38,32,433,4,116.71159029649596,-2.4492935982947064e-16,1.0
2020,1,Centro,371000,14200,0.84,134,93,3,52,42,50,447,1,120.48517520215634,0.49999999999999994,0.8660254037844387
2020,2,Centro,371000,14200,0.84,114,86,3,46,31,19,377,1,101.61725067385444,0.8660254037844386,0.5000000000000001
2020,3,Centro,371000,14200,0.84,128,88,3,43,45,48,443,1,119.40700808625337,1.0,6.123233995736766e-17
2020,4,Centro,371000,14200,0.84,142,120,3,60,43,43,504,2,135.8490566037736,0.8660254037844387,-0.4999999999999998
2020,5,Centro,371000,14200,0.84,165,128,2,61,43,51,521,2,140.43126684636118,0.49999999999999994,-0.8660254037844387
2020,6,Centro,371000,14200,0.84,177,131,3,72,57,36,570,2,153.6388140161725,1.2246467991473532e-16,-1.0
2020,7,Centro,371000,14200,0.84,146,91,3,51,47,24,434,3,116.9811320754717,-0.4999999999999997,-0.8660254037844388
2020,8,Centro,371000,14200,0.84,171,121,4,66,54,36,566,3,152.56064690026955,-0.8660254037844384,-0.5000000000000004
2020,9,Centro,371000,14200,0.84,89,106,3,45,34,30,386,3,104.04312668463612,-1.0,-1.8369701987210297e-16
2020,10,Centro,371000,14200,0.84,168,93,3,48,60,36,480,4,129.3800539083558,-0.8660254037844386,0.5000000000000001
2020,11,Centro,371000,14200,0.84,115,109,2,44,31,37,408,4,109.97304582210242,-0.5000000000000004,0.8660254037844384
2020,12,Centro,371000,14200,0.84,120,90,3,41,29,37,392,4,105.66037735849056,-2.4492935982947064e-16,1.0
2021,1,Centro,371000,14200,0.84,90,75,1,48,46,33,333,1,89.75741239892183,0.49999999999999994,0.8660254037844387
2021,2,Centro,371000,14200,0.84,123,102,3,39,38,45,430,1,115.90296495956873,0.8660254037844386,0.5000000000000001
2021,3,Centro,371000,14200,0.84,119,90,3,63,47,26,440,1,118.59838274932615,1.0,6.123233995736766e-17
2021,4,Centro,371000,14200,0.84,115,101,2,50,43,40,423,2,114.01617250673854,0.8660254037844387,-0.4999999999999998
2021,5,Centro,371000,14200,0.84,124,115,3,67,49,41,490,2,132.0754716981132,0.49999999999999994,-0.8660254037844387
2021,6,Centro,371000,14200,0.84,174,115,4,76,58,49,575,2,154.98652291105122,1.2246467991473532e-16,-1.0
2021,7,Centro,371000,14200,0.84,144,114,3,56,49,30,477,3,128.57142857142856,-0.4999999999999997,-0.8660254037844388
2021,8,Centro,371000,14200,0.84,133,106,3,59,42,40,464,3,125.06738544474393,-0.8660254037844384,-0.5000000000000004
2021,9,Centro,371000,14200,0.84,161,114,3,53,34,38,482,3,129.9191374663073,-1.0,-1.8369701987210297e-16
2021,10,Centro,371000,14200,0.84,121,89,2,42,44,36,384,4,103.50404312668464,-0.8660254037844386,0.5000000000000001
2021,11,Centro,371000,14200,0.84,142,98,3,51,36,35,437,4,117.78975741239893,-0.5000000000000004,0.8660254037844384
2021,12,Centro,371000,14200,0.84,76,92,2,35,39,37,343,4,92.45283018867924,-2.4492935982947064e-16,1.0
2022,1,Centro,371000,14200,0.84,127,83,2,51,40,27,401,1,108.08625336927223,0.49999999999999994,0.8660254037844387
2022,2,Centro,371000,14200,0.84,117,92,3,46,42,43,415,1,111.85983827493261,0.8660254037844386,0.5000000000000001
2022,3,Centro,371000,14200,0.84,138,113,3,53,55,37,477,1,128.57142857142856,1.0,6.123233995736766e-17
2022,4,Centro,371000,14200,0.84,138,91,3,51,48,38,453,2,122.10242587601077,0.8660254037844387,-0.4999999999999998
2022,5,Centro,371000,14200,0.84,171,126,3,68,58,36,547,2,147.43935309973045,0.49999999999999994,-0.8660254037844387
2022,6,Centro,371000,14200,0.84,131,104,3,62,59,40,491,2,132.34501347708894,1.2246467991473532e-16,-1.0
2022,7,Centro,371000,14200,0.84,150,104,3,73,54,40,518,3,139.62264150943395,-0.4999999999999997,-0.8660254037844388
2022,8,Centro,371000,14200,0.84,147,98,3,65,56,41,488,3,131.53638814016173,-0.8660254037844384,-0.5000000000000004
2022,9,Centro,371000,14200,0.84,142,118,4,76,56,36,528,3,142.3180592991914,-1.0,-1.8369701987210297e-16
2022,10,Centro,371000,14200,0.84,108,93,3,53,37,36,413,4,111.32075471698114,-0.8660254037844386,0.5000000000000001
2022,11,Centro,371000,14200,0.84,111,83,2,44,48,32,374,4,100.80862533692722,-0.5000000000000004,0.8660254037844384
2022,12,Centro,371000,14200,0.84,125,82,3,47,50,35,426,4,114.82479784366576,-2.4492935982947064e-16,1.0
2023,1,Centro,371000,14200,0.84,102,71,3,47,40,24,359,1,96.76549865229111,0.49999999999999994,0.8660254037844387
2023,2,Centro,371000,14200,0.84,105,105,2,52,35,22,382,1,102.96495956873316,0.8660254037844386,0.5000000000000001
2023,3,Centro,371000,14200,0.84,136,99,3,65,44,36,465,1,125.33692722371968,1.0,6.123233995736766e-17
2023,4,Centro,371000,14200,0.84,162,105,3,62,49,47,512,2,138.0053908355795,0.8660254037844387,-0.4999999999999998
2023,5,Centro,371000,14200,0.84,146,119,3,54,54,39,501,2,135.04043126684635,0.49999999999999994,-0.8660254037844387
2023,6,Centro,371000,14200,0.84,126,104,3,40,54,30,447,2,120.48517520215634,1.2246467991473532e-16,-1.0
2023,7,Centro,371000,14200,0.84,134,105,3,56,62,44,500,3,134.77088948787062,-0.4999999999999997,-0.8660254037844388
2023,8,Centro,371000,14200,0.84,119,93,2,39,52,34,401,3,108.08625336927223,-0.8660254037844384,-0.5000000000000004
2023,9,Centro,371000,14200,0.84,124,72,2,47,39,27,368,3,99.19137466307278,-1.0,-1.8369701987210297e-16
2023,10,Centro,371000,14200,0.84,107,79,2,51,33,21,359,4,96.76549865229111,-0.8660254037844386,0.5000000000000001
2023,11,Centro,371000,14200,0.84,113,76,2,40,32,32,359,4,96.76549865229111,-0.5000000000000004,0.8660254037844384
2023,12,Centro,371000,14200,0.84,107,74,2,45,52,30,371,4,100.0,-2.4492935982947064e-16,1.0
2018,1,Sé,23000,15000,0.82,70,35,1,31,21,12,200,1,869.5652173913044,0.49999999999999994,0.8660254037844387
2018,2,Sé,23000,15000,0.82,52,44,1,34,28,13,198,1,860.8695652173914,0.8660254037844386,0.5000000000000001
2018,3,Sé,23000,15000,0.82,58,45,1,23,17,11,188,1,817.391304347826,1.0,6.123233995736766e-17
2018,4,Sé,23000,15000,0.82,66,45,1,36,29,22,237,2,1030.4347826086955,0.8660254037844387,-0.4999999999999998
2018,5,Sé,23000,15000,0.82,90,63,2,35,26,17,284,2,1234.782608695652,0.49999999999999994,-0.8660254037844387
2018,6,Sé,23000,15000,0.82,76,41,2,30,25,15,237,2,1030.4347826086955,1.2246467991473532e-16,-1.0
2018,7,Sé,23000,15000,0.82,58,46,1,33,30,26,236,3,1026.086956521739,-0.4999999999999997,-0.8660254037844388
2018,8,Sé,23000,15000,0.82,60,51,1,27,20,14,213,3,926.0869565217391,-0.8660254037844384,-0.5000000000000004
2018,9,Sé,23000,15000,0.82,79,49,1,27,30,17,236,3,1026.086956521739,-1.0,-1.8369701987210297e-16
2018,10,Sé,23000,15000,0.82,45,35,1,26,26,17,187,4,813.0434782608695,-0.8660254037844386,0.5000000000000001
2018,11,Sé,23000,15000,0.82,55,42,0,25,21,18,184,4,800.0,-0.5000000000000004,0.8660254037844384
2018,12,Sé,23000,15000,0.82,58,41,1,22,19,18,206,4,895.6521739130434,-2.4492935982947064e-16,1.0
2019,1,Sé,23000,15000,0.82,53,48,1,25,14,9,186,1,808.695652173913,0.49999999999999994,0.8660254037844387
2019,2,Sé,23000,15000,0.82,48,46,1,18,22,18,186,1,808.695652173913,0.8660254037844386,0.5000000000000001
2019,3,Sé,23000,15000,0.82,59,58,1,18,27,19,228,1,991.304347826087,1.0,6.123233995736766e-17
2019,4,Sé,23000,15000,0.82,55,36,1,30,24,15,196,2,852.1739130434784,0.8660254037844387,-0.4999999999999998
2019,5,Sé,23000,15000,0.82,70,53,1,27,26,17,239,2,1039.1304347826085,0.49999999999999994,-0.8660254037844387
2019,6,Sé,23000,15000,0.82,73,37,1,35,22,26,228,2,991.304347826087,1.2246467991473532e-16,-1.0
2019,7,Sé,23000,15000,0.82,87,50,1,30,29,25,258,3,1121.7391304347827,-0.4999999999999997,-0.8660254037844388
2019,8,Sé,23000,15000,0.82,66,54,1,27,24,19,232,3,1008.695652173913,-0.8660254037844384,-0.5000000000000004
2019,9,Sé,23000,15000,0.82,60,32,1,20,22,17,181,3,786.9565217391305,-1.0,-1.8369701987210297e-16
2019,10,Sé,23000,15000,0.82,54,49,1,19,30,15,204,4,886.9565217391304,-0.8660254037844386,0.5000000000000001
2019,11,Sé,23000,15000,0.82,57,36,1,19,18,7,166,4,721.7391304347826,-0.5000000000000004,0.8660254037844384
2019,12,Sé,23000,15000,0.82,40,48,1,21,13,10,172,4,747.8260869565217,-2.4492935982947064e-16,1.0
2020,1,Sé,23000,15000,0.82,59,38,1,20,15,22,183,1,795.6521739130435,0.49999999999999994,0.8660254037844387
2020,2,Sé,23000,15000,0.82,72,50,1,26,24,11,221,1,960.8695652173913,0.8660254037844386,0.5000000000000001
2020,3,Sé,23000,15000,0.82,72,46,1,29,23,18,221,1,960.8695652173913,1.0,6.123233995736766e-17
2020,4,Sé,23000,15000,0.82,53,57,1,29,20,19,217,2,943.4782608695652,0.8660254037844387,-0.4999999999999998
2020,5,Sé,23000,15000,0.82,65,49,1,30,29,24,237,2,1030.4347826086955,0.49999999999999994,-0.8660254037844387
2020,6,Sé,23000,15000,0.82,65,55,1,20,22,17,221,2,960.8695652173913,1.2246467991473532e-16,-1.0
2020,7,Sé,23000,15000,0.82,82,54,1,23,29,24,248,3,1078.2608695652175,-0.4999999999999997,-0.8660254037844388
2020,8,Sé,23000,15000,0.82,74,43,1,30,22,9,210,3,913.0434782608696,-0.8660254037844384,-0.5000000000000004
2020,9,Sé,23000,15000,0.82,76,34,1,32,23,7,201,3,873.9130434782609,-1.0,-1.8369701987210297e-16
2020,10,Sé,23000,15000,0.82,62,36,0,20,17,17,172,4,747.8260869565217,-0.8660254037844386,0.5000000000000001
2020,11,Sé,23000,15000,0.82,39,57,1,19,21,25,186,4,808.695652173913,-0.5000000000000004,0.8660254037844384
2020,12,Sé,23000,15000,0.82,45,32,1,23,13,14,158,4,686.9565217391304,-2.4492935982947064e-16,1.0
2021,1,Sé,23000,15000,0.82,58,33,1,19,19,13,169,1,734.7826086956521,0.49999999999999994,0.8660254037844387
2021,2,Sé,23000,15000,0.82,69,49,1,24,17,16,205,1,891.3043478260869,0.8660254037844386,0.5000000000000001
2021,3,Sé,23000,15000,0.82,37,33,1,21,18,15,163,1,708.695652173913,1.0,6.123233995736766e-17
2021,4,Sé,23000,15000,0.82,58,39,2,25,14,10,202,2,878.2608695652174,0.8660254037844387,-0.4999999999999998
2021,5,Sé,23000,15000,0.82,70,47,1,30,21,20,224,2,973.9130434782608,0.49999999999999994,-0.8660254037844387
2021,6,Sé,23000,15000,0.82,65,47,1,24,18,18,212,2,921.7391304347826,1.2246467991473532e-16,-1.0
2021,7,Sé,23000,15000,0.82,63,47,1,29,22,24,228,3,991.304347826087,-0.4999999999999997,-0.8660254037844388
2021,8,Sé,23000,15000,0.82,56,43,1,25,22,18,198,3,860.8695652173914,-0.8660254037844384,-0.5000000000000004
2021,9,Sé,23000,15000,0.82,73,44,1,23,19,17,208,3,904.3478260869564,-1.0,-1.8369701987210297e-16
2021,10,Sé,23000,15000,0.82,48,44,1,22,19,13,173,4,752.1739130434783,-0.8660254037844386,0.5000000000000001
2021,11,Sé,23000,15000,0.82,54,30,1,15,15,13,158,4,686.9565217391304,-0.5000000000000004,0.8660254037844384
2021,12,Sé,23000,15000,0.82,37,39,1,23,14,20,160,4,695.6521739130435,-2.4492935982947064e-16,1.0
2022,1,Sé,23000,15000,0.82,52,37,1,16,18,9,177,1,769.5652173913044,0.49999999999999994,0.8660254037844387
2022,2,Sé,23000,15000,0.82,45,34,1,20,22,15,167,1,726.0869565217391,0.8660254037844386,0.5000000000000001
2022,3,Sé,23000,15000,0.82,54,45,1,16,11,5,166,1,721.7391304347826,1.0,6.123233995736766e-17
2022,4,Sé,23000,15000,0.82,86,49,0,22,25,12,218,2,947.8260869565217,0.8660254037844387,-0.4999999999999998
2022,5,Sé,23000,15000,0.82,61,51,1,25,20,17,199,2,865.2173913043479,0.49999999999999994,-0.8660254037844387
2022,6,Sé,23000,15000,0.82,70,46,1,21,18,24,218,2,947.8260869565217,1.2246467991473532e-16,-1.0
2022,7,Sé,23000,15000,0.82,76,44,1,29,25,15,229,3,995.6521739130435,-0.4999999999999997,-0.8660254037844388
2022,8,Sé,23000,15000,0.82,55,40,1,22,27,19,210,3,913.0434782608696,-0.8660254037844384,-0.5000000000000004
2022,9,Sé,23000,15000,0.82,56,53,1,22,16,18,200,3,869.5652173913044,-1.0,-1.8369701987210297e-16
2022,10,Sé,23000,15000,0.82,47,33,1,19,21,18,171,4,743.4782608695652,-0.8660254037844386,0.5000000000000001
2022,11,Sé,23000,15000,0.82,43,31,1,20,18,12,156,4,678.2608695652174,-0.5000000000000004,0.8660254037844384
2022,12,Sé,23000,15000,0.82,53,43,0,20,14,11,165,4,717.391304347826,-2.4492935982947064e-16,1.0
2023,1,Sé,23000,15000,0.82,43,38,1,25,19,18,175,1,760.8695652173914,0.49999999999999994,0.8660254037844387
2023,2,Sé,23000,15000,0.82,50,41,0,14,17,24,169,1,734.7826086956521,0.8660254037844386,0.5000000000000001
2023,3,Sé,23000,15000,0.82,56,40,1,24,18,12,178,1,773.9130434782609,1.0,6.123233995736766e-17
2023,4,Sé,23000,15000,0.82,68,55,1,29,19,18,226,2,982.608695652174,0.8660254037844387,-0.4999999999999998
2023,5,Sé,23000,15000,0.82,73,39,1,21,15,20,205,2,891.3043478260869,0.49999999999999994,-0.8660254037844387
2023,6,Sé,23000,15000,0.82,67,53,1,20,18,21,220,2,956.5217391304348,1.2246467991473532e-16,-1.0
2023,7,Sé,23000,15000,0.82,55,44,1,25,15,16,192,3,834.7826086956521,-0.4999999999999997,-0.8660254037844388
2023,8,Sé,23000,15000,0.82,65,43,1,37,24,19,220,3,956.5217391304348,-0.8660254037844384,-0.5000000000000004
2023,9,Sé,23000,15000,0.82,63,40,1,24,22,8,187,3,813.0434782608695,-1.0,-1.8369701987210297e-16
2023,10,Sé,23000,15000,0.82,54,39,1,22,7,17,164,4,713.0434782608695,-0.8660254037844386,0.5000000000000001
2023,11,Sé,23000,15000,0.82,48,28,1,23,19,9,155,4,673.9130434782609,-0.5000000000000004,0.8660254037844384
2023,12,Sé,23000,15000,0.82,41,30,1,16,12,11,135,4,586.9565217391304,-2.4492935982947064e-16,1.0
2018,1,Brás,31000,12000,0.78,43,30,0,21,17,18,152,1,490.3225806451613,0.49999999999999994,0.8660254037844387
2018,2,Brás,31000,12000,0.78,41,36,1,16,22,13,157,1,506.4516129032258,0.8660254037844386,0.5000000000000001
2018,3,Brás,31000,12000,0.78,52,29,1,23,28,11,181,1,583.8709677419355,1.0,6.123233995736766e-17
2018,4,Brás,31000,12000,0.78,47,44,1,21,22,16,183,2,590.3225806451612,0.8660254037844387,-0.4999999999999998
2018,5,Brás,31000,12000,0.78,62,42,1,20,18,10,190,2,612.9032258064516,0.49999999999999994,-0.8660254037844387
2018,6,Brás,31000,12000,0.78,51,43,1,15,13,14,178,2,574.1935483870968,1.2246467991473532e-16,-1.0
2018,7,Brás,31000,12000,0.78,57,46,2,20,17,13,205,3,661.2903225806451,-0.4999999999999997,-0.8660254037844388
2018,8,Brás,31000,12000,0.78,50,33,1,27,13,21,170,3,548.3870967741935,-0.8660254037844384,-0.5000000000000004
2018,9,Brás,31000,12000,0.78,50,39,1,24,14,12,172,3,554.8387096774194,-1.0,-1.8369701987210297e-16
2018,10,Brás,31000,12000,0.78,36,28,1,13,18,13,135,4,435.4838709677419,-0.8660254037844386,0.5000000000000001
2018,11,Brás,31000,12000,0.78,47,27,0,13,10,10,126,4,406.4516129032258,-0.5000000000000004,0.8660254037844384
2018,12,Brás,31000,12000,0.78,38,27,1,14,17,11,137,4,441.93548387096774,-2.4492935982947064e-16,1.0
2019,1,Brás,31000,12000,0.78,37,31,1,15,13,4,133,1,429.03225806451616,0.49999999999999994,0.8660254037844387
2019,2,Brás,31000,12000,0.78,37,40,0,11,13,12,135,1,435.4838709677419,0.8660254037844386,0.5000000000000001
2019,3,Brás,31000,12000,0.78,45,34,1,19,12,14,153,1,493.54838709677415,1.0,6.123233995736766e-17
2019,4,Brás,31000,12000,0.78,55,37,1,29,18,12,186,2,600.0,0.8660254037844387,-0.4999999999999998
2019,5,Brás,31000,12000,0.78,50,38,1,21,22,12,171,2,551.6129032258065,0.49999999999999994,-0.8660254037844387
2019,6,Brás,31000,12000,0.78,46,44,1,24,18,18,175,2,564.516129032258,1.2246467991473532e-16,-1.0
2019,7,Brás,31000,12000,0.78,60,39,1,16,18,10,175,3,564.516129032258,-0.4999999999999997,-0.8660254037844388
2019,8,Brás,31000,12000,0.78,43,32,1,20,12,12,144,3,464.51612903225805,-0.8660254037844384,-0.5000000000000004
2019,9,Brás,31000,12000,0.78,30,31,1,22,20,9,139,3,448.38709677419354,-1.0,-1.8369701987210297e-16
2019,10,Brás,31000,12000,0.78,44,35,1,22,15,13,161,4,519.3548387096774,-0.8660254037844386,0.5000000000000001
2019,11,Brás,31000,12000,0.78,36,30,1,16,7,9,127,4,409.6774193548387,-0.5000000000000004,0.8660254037844384
2019,12,Brás,31000,12000,0.78,36,31,0,11,15,11,127,4,409.6774193548387,-2.4492935982947064e-16,1.0
2020,1,Brás,31000,12000,0.78,41,27,1,23,15,9,147,1,474.19354838709677,0.49999999999999994,0.8660254037844387
2020,2,Brás,31000,12000,0.78,30,43,1,10,12,18,142,1,458.06451612903226,0.8660254037844386,0.5000000000000001
2020,3,Brás,31000,12000,0.78,30,36,0,23,21,14,144,1,464.51612903225805,1.0,6.123233995736766e-17
2020,4,Brás,31000,12000,0.78,51,41,1,29,17,16,182,2,587.0967741935484,0.8660254037844387,-0.4999999999999998
2020,5,Brás,31000,12000,0.78,59,38,1,34,12,15,188,2,606.4516129032257,0.49999999999999994,-0.8660254037844387
2020,6,Brás,31000,12000,0.78,47,32,1,30,17,16,182,2,587.0967741935484,1.2246467991473532e-16,-1.0
2020,7,Brás,31000,12000,0.78,61,42,1,20,18,15,185,3,596.7741935483871,-0.4999999999999997,-0.8660254037844388
2020,8,Brás,31000,12000,0.78,60,48,1,21,15,23,203,3,654.8387096774194,-0.8660254037844384,-0.5000000000000004
2020,9,Brás,31000,12000,0.78,44,38,1,10,26,8,153,3,493.54838709677415,-1.0,-1.8369701987210297e-16
2020,10,Brás,31000,12000,0.78,40,20,0,18,11,10,120,4,387.0967741935484,-0.8660254037844386,0.5000000000000001
2020,11,Brás,31000,12000,0.78,45,17,0,9,14,9,115,4,370.9677419354839,-0.5000000000000004,0.8660254037844384
2020,12,Brás,31000,12000,0.78,42,28,0,20,10,10,133,4,429.03225806451616,-2.4492935982947064e-16,1.0
2021,1,Brás,31000,12000,0.78,26,32,0,20,19,7,115,1,370.9677419354839,0.49999999999999994,0.8660254037844387
2021,2,Brás,31000,12000,0.78,50,31,1,16,19,9,151,1,487.0967741935484,0.8660254037844386,0.5000000000000001
2021,3,Brás,31000,12000,0.78,52,37,1,12,20,17,171,1,551.6129032258065,1.0,6.123233995736766e-17
2021,4,Brás,31000,12000,0.78,36,33,1,19,29,10,157,2,506.4516129032258,0.8660254037844387,-0.4999999999999998
2021,5,Brás,31000,12000,0.78,44,24,1,22,18,11,148,2,477.41935483870964,0.49999999999999994,-0.8660254037844387
2021,6,Brás,31000,12000,0.78,49,29,1,16,16,13,166,2,535.483870967742,1.2246467991473532e-16,-1.0
2021,7,Brás,31000,12000,0.78,64,31,1,24,17,15,190,3,612.9032258064516,-0.4999999999999997,-0.8660254037844388
2021,8,Brás,31000,12000,0.78,48,28,0,19,13,11,142,3,458.06451612903226,-0.8660254037844384,-0.5000000000000004
2021,9,Brás,31000,12000,0.78,44,29,0,19,11,17,137,3,441.93548387096774,-1.0,-1.8369701987210297e-16
2021,10,Brás,31000,12000,0.78,48,19,0,14,21,8,134,4,432.258064516129,-0.8660254037844386,0.5000000000000001
2021,11,Brás,31000,12000,0.78,36,24,1,13,10,13,129,4,416.1290322580645,-0.5000000000000004,0.8660254037844384
2021,12,Brás,31000,12000,0.78,49,29,1,17,12,13,146,4,470.9677419354839,-2.4492935982947064e-16,1.0
2022,1,Brás,31000,12000,0.78,42,23,0,17,17,11,127,1,409.6774193548387,0.49999999999999994,0.8660254037844387
2022,2,Brás,31000,12000,0.78,47,32,1,17,16,11,151,1,487.0967741935484,0.8660254037844386,0.5000000000000001
2022,3,Brás,31000,12000,0.78,56,30,1,19,13,10,162,1,522.5806451612902,1.0,6.123233995736766e-17
2022,4,Brás,31000,12000,0.78,62,45,1,23,14,7,185,2,596.7741935483871,0.8660254037844387,-0.4999999999999998
2022,5,Brás,31000,12000,0.78,48,43,1,18,16,12,173,2,558.0645161290323,0.49999999999999994,-0.8660254037844387
2022,6,Brás,31000,12000,0.78,54,27,1,20,21,23,171,2,551.6129032258065,1.2246467991473532e-16,-1.0
2022,7,Brás,31000,12000,0.78,48,43,1,23,17,10,176,3,567.741935483871,-0.4999999999999997,-0.8660254037844388
2022,8,Brás,31000,12000,0.78,33,18,1,14,9,10,122,3,393.54838709677415,-0.8660254037844384,-0.5000000000000004
2022,9,Brás,31000,12000,0.78,52,24,1,16,21,16,157,3,506.4516129032258,-1.0,-1.8369701987210297e-16
2022,10,Brás,31000,12000,0.78,51,27,0,21,9,15,143,4,461.2903225806451,-0.8660254037844386,0.5000000000000001
2022,11,Brás,31000,12000,0.78,31,28,0,8,16,6,110,4,354.8387096774194,-0.5000000000000004,0.8660254037844384
2022,12,Brás,31000,12000,0.78,44,24,0,19,8,13,129,4,416.1290322580645,-2.4492935982947064e-16,1.0
2023,1,Brás,31000,12000,0.78,43,26,1,22,9,9,135,1,435.4838709677419,0.49999999999999994,0.8660254037844387
2023,2,Brás,31000,12000,0.78,41,23,1,15,13,10,132,1,425.80645161290323,0.8660254037844386,0.5000000000000001
2023,3,Brás,31000,12000,0.78,45,37,1,24,20,16,167,1,538.7096774193549,1.0,6.123233995736766e-17
2023,4,Brás,31000,12000,0.78,47,40,1,21,20,8,172,2,554.8387096774194,0.8660254037844387,-0.4999999999999998
2023,5,Brás,31000,12000,0.78,41,34,1,14,16,17,154,2,496.77419354838713,0.49999999999999994,-0.8660254037844387
2023,6,Brás,31000,12000,0.78,52,46,1,19,16,19,183,2,590.3225806451612,1.2246467991473532e-16,-1.0
2023,7,Brás,31000,12000,0.78,55,41,1,23,12,18,178,3,574.1935483870968,-0.4999999999999997,-0.8660254037844388
2023,8,Brás,31000,12000,0.78,47,28,1,12,19,13,148,3,477.41935483870964,-0.8660254037844384,-0.5000000000000004
2023,9,Brás,31000,12000,0.78,36,35,1,14,17,17,146,3,470.9677419354839,-1.0,-1.8369701987210297e-16
2023,10,Brás,31000,12000,0.78,43,35,1,17,13,8,141,4,454.8387096774194,-0.8660254037844386,0.5000000000000001
2023,11,Brás,31000,12000,0.78,38,29,0,11,15,5,114,4,367.741935483871,-0.5000000000000004,0.8660254037844384
2023,12,Brás,31000,12000,0.78,40,30,0,20,19,13,140,4,451.6129032258065,-2.4492935982947064e-16,1.0
2018,1,Lapa,65000,7800,0.86,27,21,0,5,13,10,94,1,144.6153846153846,0.49999999999999994,0.8660254037844387
2018,2,Lapa,65000,7800,0.86,31,15,0,7,6,7,80,1,123.07692307692308,0.8660254037844386,0.5000000000000001
2018,3,Lapa,65000,7800,0.86,28,30,0,13,18,6,111,1,170.76923076923077,1.0,6.123233995736766e-17
2018,4,Lapa,65000,7800,0.86,39,30,0,16,22,4,133,2,204.61538461538458,0.8660254037844387,-0.4999999999999998
2018,5,Lapa,65000,7800,0.86,33,27,1,14,21,13,134,2,206.15384615384613,0.49999999999999994,-0.8660254037844387
2018,6,Lapa,65000,7800,0.86,35,27,0,9,9,14,113,2,173.84615384615387,1.2246467991473532e-16,-1.0
2018,7,Lapa,65000,7800,0.86,42,22,0,18,11,13,124,3,190.76923076923077,-0.4999999999999997,-0.8660254037844388
2018,8,Lapa,65000,7800,0.86,35,30,0,12,11,10,120,3,184.6153846153846,-0.8660254037844384,-0.5000000000000004
2018,9,Lapa,65000,7800,0.86,42,19,0,10,9,3,103,3,158.46153846153845,-1.0,-1.8369701987210297e-16
2018,10,Lapa,65000,7800,0.86,23,12,0,13,14,7,91,4,140.0,-0.8660254037844386,0.5000000000000001
2018,11,Lapa,65000,7800,0.86,26,22,0,8,12,8,96,4,147.69230769230768,-0.5000000000000004,0.8660254037844384
2018,12,Lapa,65000,7800,0.86,33,20,0,11,13,4,98,4,150.76923076923077,-2.4492935982947064e-16,1.0
2019,1,Lapa,65000,7800,0.86,24,15,0,18,5,7,92,1,141.53846153846155,0.49999999999999994,0.8660254037844387
2019,2,Lapa,65000,7800,0.86,32,16,0,6,5,10,90,1,138.46153846153845,0.8660254037844386,0.5000000000000001
2019,3,Lapa,65000,7800,0.86,34,24,0,15,7,14,108,1,166.15384615384616,1.0,6.123233995736766e-17
2019,4,Lapa,65000,7800,0.86,33,33,1,15,7,5,119,2,183.0769230769231,0.8660254037844387,-0.4999999999999998
2019,5,Lapa,65000,7800,0.86,40,27,0,10,12,10,121,2,186.15384615384616,0.49999999999999994,-0.8660254037844387
2019,6,Lapa,65000,7800,0.86,39,14,0,17,12,16,111,2,170.76923076923077,1.2246467991473532e-16,-1.0
2019,7,Lapa,65000,7800,0.86,40,32,0,10,13,10,128,3,196.9230769230769,-0.4999999999999997,-0.8660254037844388
2019,8,Lapa,65000,7800,0.86,28,26,0,12,13,10,104,3,160.0,-0.8660254037844384,-0.5000000000000004
2019,9,Lapa,65000,7800,0.86,32,25,0,8,7,4,96,3,147.69230769230768,-1.0,-1.8369701987210297e-16
2019,10,Lapa,65000,7800,0.86,29,16,0,9,9,8,87,4,133.84615384615384,-0.8660254037844386,0.5000000000000001
2019,11,Lapa,65000,7800,0.86,32,13,0,9,14,4,88,4,135.3846153846154,-0.5000000000000004,0.8660254037844384
2019,12,Lapa,65000,7800,0.86,19,18,0,9,7,11,87,4,133.84615384615384,-2.4492935982947064e-16,1.0
2020,1,Lapa,65000,7800,0.86,25,17,0,7,9,6,80,1,123.07692307692308,0.49999999999999994,0.8660254037844387
2020,2,Lapa,65000,7800,0.86,40,23,0,14,13,7,113,1,173.84615384615387,0.8660254037844386,0.5000000000000001
2020,3,Lapa,65000,7800,0.86,37,18,1,12,11,7,113,1,173.84615384615387,1.0,6.123233995736766e-17
2020,4,Lapa,65000,7800,0.86,34,27,0,9,9,11,110,2,169.23076923076923,0.8660254037844387,-0.4999999999999998
2020,5,Lapa,65000,7800,0.86,26,19,0,2,18,13,102,2,156.9230769230769,0.49999999999999994,-0.8660254037844387
2020,6,Lapa,65000,7800,0.86,34,37,0,13,14,9,124,2,190.76923076923077,1.2246467991473532e-16,-1.0
2020,7,Lapa,65000,7800,0.86,30,31,1,12,15,10,126,3,193.84615384615384,-0.4999999999999997,-0.8660254037844388
2020,8,Lapa,65000,7800,0.86,38,29,0,8,7,6,103,3,158.46153846153845,-0.8660254037844384,-0.5000000000000004
2020,9,Lapa,65000,7800,0.86,30,24,0,15,9,8,100,3,153.84615384615384,-1.0,-1.8369701987210297e-16
2020,10,Lapa,65000,7800,0.86,37,13,0,14,12,7,99,4,152.3076923076923,-0.8660254037844386,0.5000000000000001
2020,11,Lapa,65000,7800,0.86,24,24,0,12,8,12,99,4,152.3076923076923,-0.5000000000000004,0.8660254037844384
2020,12,Lapa,65000,7800,0.86,33,21,0,9,6,9,95,4,146.15384615384616,-2.4492935982947064e-16,1.0
2021,1,Lapa,65000,7800,0.86,34,18,0,8,11,7,98,1,150.76923076923077,0.49999999999999994,0.8660254037844387
2021,2,Lapa,65000,7800,0.86,31,27,0,12,8,6,103,1,158.46153846153845,0.8660254037844386,0.5000000000000001
2021,3,Lapa,65000,7800,0.86,25,28,0,11,14,4,103,1,158.46153846153845,1.0,6.123233995736766e-17
2021,4,Lapa,65000,7800,0.86,29,30,1,13,7,13,117,2,180.0,0.8660254037844387,-0.4999999999999998
2021,5,Lapa,65000,7800,0.86,32,27,0,11,12,14,117,2,180.0,0.49999999999999994,-0.8660254037844387
2021,6,Lapa,65000,7800,0.86,34,22,1,14,8,9,112,2,172.30769230769232,1.2246467991473532e-16,-1.0
2021,7,Lapa,65000,7800,0.86,40,27,0,13,14,10,123,3,189.23076923076923,-0.4999999999999997,-0.8660254037844388
2021,8,Lapa,65000,7800,0.86,31,20,0,11,12,5,99,3,152.3076923076923,-0.8660254037844384,-0.5000000000000004
2021,9,Lapa,65000,7800,0.86,28,24,0,8,13,9,97,3,149.23076923076923,-1.0,-1.8369701987210297e-16
2021,10,Lapa,65000,7800,0.86,39,22,0,8,10,7,103,4,158.46153846153845,-0.8660254037844386,0.5000000000000001
2021,11,Lapa,65000,7800,0.86,24,18,0,17,9,3,87,4,133.84615384615384,-0.5000000000000004,0.8660254037844384
2021,12,Lapa,65000,7800,0.86,27,16,0,6,10,7,90,4,138.46153846153845,-2.4492935982947064e-16,1.0
2022,1,Lapa,65000,7800,0.86,27,20,0,10,13,7,94,1,144.6153846153846,0.49999999999999994,0.8660254037844387
2022,2,Lapa,65000,7800,0.86,27,21,0,18,7,7,101,1,155.3846153846154,0.8660254037844386,0.5000000000000001
2022,3,Lapa,65000,7800,0.86,24,25,0,13,11,7,100,1,153.84615384615384,1.0,6.123233995736766e-17
2022,4,Lapa,65000,7800,0.86,26,24,0,16,11,9,110,2,169.23076923076923,0.8660254037844387,-0.4999999999999998
2022,5,Lapa,65000,7800,0.86,27,27,0,9,10,8,104,2,160.0,0.49999999999999994,-0.8660254037844387
2022,6,Lapa,65000,7800,0.86,25,27,0,14,9,14,108,2,166.15384615384616,1.2246467991473532e-16,-1.0
2022,7,Lapa,65000,7800,0.86,35,37,0,8,17,13,125,3,192.30769230769232,-0.4999999999999997,-0.8660254037844388
2022,8,Lapa,65000,7800,0.86,28,30,0,11,11,9,106,3,163.07692307692307,-0.8660254037844384,-0.5000000000000004
2022,9,Lapa,65000,7800,0.86,35,27,0,13,11,14,115,3,176.92307692307693,-1.0,-1.8369701987210297e-16
2022,10,Lapa,65000,7800,0.86,36,19,0,11,14,8,104,4,160.0,-0.8660254037844386,0.5000000000000001
2022,11,Lapa,65000,7800,0.86,29,19,0,6,6,11,87,4,133.84615384615384,-0.5000000000000004,0.8660254037844384
2022,12,Lapa,65000,7800,0.86,28,20,0,10,4,4,81,4,124.6153846153846,-2.4492935982947064e-16,1.0
2023,1,Lapa,65000,7800,0.86,29,21,0,6,11,7,89,1,136.92307692307693,0.49999999999999994,0.8660254037844387
2023,2,Lapa,65000,7800,0.86,31,17,0,7,8,6,82,1,126.15384615384615,0.8660254037844386,0.5000000000000001
2023,3,Lapa,65000,7800,0.86,21,26,0,16,12,8,101,1,155.3846153846154,1.0,6.123233995736766e-17
2023,4,Lapa,65000,7800,0.86,22,28,0,17,16,13,112,2,172.30769230769232,0.8660254037844387,-0.4999999999999998
2023,5,Lapa,65000,7800,0.86,39,24,0,10,15,8,112,2,172.30769230769232,0.49999999999999994,-0.8660254037844387
2023,6,Lapa,65000,7800,0.86,32,25,0,13,7,7,107,2,164.6153846153846,1.2246467991473532e-16,-1.0
2023,7,Lapa,65000,7800,0.86,36,23,0,11,12,8,109,3,167.6923076923077,-0.4999999999999997,-0.8660254037844388
2023,8,Lapa,65000,7800,0.86,23,22,1,17,8,5,101,3,155.3846153846154,-0.8660254037844384,-0.5000000000000004
2023,9,Lapa,65000,7800,0.86,37,24,0,10,9,8,99,3,152.3076923076923,-1.0,-1.8369701987210297e-16
2023,10,Lapa,65000,7800,0.86,22,14,0,9,5,7,75,4,115.3846153846154,-0.8660254037844386,0.5000000000000001
2023,11,Lapa,65000,7800,0.86,26,21,0,13,11,5,89,4,136.92307692307693,-0.5000000000000004,0.8660254037844384
2023,12,Lapa,65000,7800,0.86,29,16,0,10,18,3,88,4,135.3846153846154,-2.4492935982947064e-16,1.0
2018,1,Pinheiros,72000,9100,0.91,25,14,0,7,16,8,82,1,113.8888888888889,0.49999999999999994,0.8660254037844387
2018,2,Pinheiros,72000,9100,0.91,31,15,0,8,12,7,87,1,120.83333333333334,0.8660254037844386,0.5000000000000001
2018,3,Pinheiros,72000,9100,0.91,35,21,0,11,8,14,105,1,145.83333333333334,1.0,6.123233995736766e-17
2018,4,Pinheiros,72000,9100,0.91,31,22,0,11,10,8,98,2,136.11111111111111,0.8660254037844387,-0.4999999999999998
2018,5,Pinheiros,72000,9100,0.91,32,23,0,12,9,8,108,2,150.0,0.49999999999999994,-0.8660254037844387
2018,6,Pinheiros,72000,9100,0.91,31,20,0,12,13,13,110,2,152.7777777777778,1.2246467991473532e-16,-1.0
2018,7,Pinheiros,72000,9100,0.91,34,16,0,11,14,4,96,3,133.33333333333334,-0.4999999999999997,-0.8660254037844388
2018,8,Pinheiros,72000,9100,0.91,29,13,0,11,8,8,85,3,118.05555555555556,-0.8660254037844384,-0.5000000000000004
2018,9,Pinheiros,72000,9100,0.91,15,23,0,13,6,7,80,3,111.11111111111111,-1.0,-1.8369701987210297e-16
2018,10,Pinheiros,72000,9100,0.91,30,18,0,12,8,6,87,4,120.83333333333334,-0.8660254037844386,0.5000000000000001
2018,11,Pinheiros,72000,9100,0.91,29,15,0,10,7,9,79,4,109.72222222222223,-0.5000000000000004,0.8660254037844384
2018,12,Pinheiros,72000,9100,0.91,27,12,0,13,7,5,73,4,101.38888888888889,-2.4492935982947064e-16,1.0
2019,1,Pinheiros,72000,9100,0.91,17,20,0,11,9,10,78,1,108.33333333333333,0.49999999999999994,0.8660254037844387
2019,2,Pinheiros,72000,9100,0.91,23,28,0,6,8,4,80,1,111.11111111111111,0.8660254037844386,0.5000000000000001
2019,3,Pinheiros,72000,9100,0.91,17,18,0,12,8,7,77,1,106.94444444444444,1.0,6.123233995736766e-17
2019,4,Pinheiros,72000,9100,0.91,27,9,0,14,10,7,82,2,113.8888888888889,0.8660254037844387,-0.4999999999999998
2019,5,Pinheiros,72000,9100,0.91,23,27,0,15,8,8,100,2,138.88888888888889,0.49999999999999994,-0.8660254037844387
2019,6,Pinheiros,72000,9100,0.91,40,18,0,14,9,9,111,2,154.16666666666666,1.2246467991473532e-16,-1.0
2019,7,Pinheiros,72000,9100,0.91,34,21,0,10,5,5,94,3,130.55555555555554,-0.4999999999999997,-0.8660254037844388
2019,8,Pinheiros,72000,9100,0.91,28,24,0,10,9,4,89,3,123.6111111111111,-0.8660254037844384,-0.5000000000000004
2019,9,Pinheiros,72000,9100,0.91,27,19,0,12,15,8,99,3,137.5,-1.0,-1.8369701987210297e-16
2019,10,Pinheiros,72000,9100,0.91,23,22,0,6,11,4,78,4,108.33333333333333,-0.8660254037844386,0.5000000000000001
2019,11,Pinheiros,72000,9100,0.91,24,15,0,6,5,6,69,4,95.83333333333333,-0.5000000000000004,0.8660254037844384
2019,12,Pinheiros,72000,9100,0.91,22,24,0,8,9,5,82,4,113.8888888888889,-2.4492935982947064e-16,1.0
2020,1,Pinheiros,72000,9100,0.91,20,19,0,11,7,8,77,1,106.94444444444444,0.49999999999999994,0.8660254037844387
2020,2,Pinheiros,72000,9100,0.91,25,17,0,5,8,8,72,1,100.0,0.8660254037844386,0.5000000000000001
2020,3,Pinheiros,72000,9100,0.91,16,17,0,17,11,6,78,1,108.33333333333333,1.0,6.123233995736766e-17
2020,4,Pinheiros,72000,9100,0.91,23,11,0,9,6,10,76,2,105.55555555555554,0.8660254037844387,-0.4999999999999998
2020,5,Pinheiros,72000,9100,0.91,34,28,0,9,5,3,93,2,129.16666666666666,0.49999999999999994,-0.8660254037844387
2020,6,Pinheiros,72000,9100,0.91,26,22,0,15,7,10,103,2,143.05555555555557,1.2246467991473532e-16,-1.0
2020,7,Pinheiros,72000,9100,0.91,23,15,0,17,11,9,95,3,131.94444444444446,-0.4999999999999997,-0.8660254037844388
2020,8,Pinheiros,72000,9100,0.91,24,21,0,6,11,12,87,3,120.83333333333334,-0.8660254037844384,-0.5000000000000004
2020,9,Pinheiros,72000,9100,0.91,20,27,0,12,8,8,93,3,129.16666666666666,-1.0,-1.8369701987210297e-16
2020,10,Pinheiros,72000,9100,0.91,29,17,0,14,3,5,82,4,113.8888888888889,-0.8660254037844386,0.5000000000000001
2020,11,Pinheiros,72000,9100,0.91,24,16,0,15,4,8,84,4,116.66666666666667,-0.5000000000000004,0.8660254037844384
2020,12,Pinheiros,72000,9100,0.91,19,16,0,16,2,6,69,4,95.83333333333333,-2.4492935982947064e-16,1.0
2021,1,Pinheiros,72000,9100,0.91,26,17,0,10,8,8,78,1,108.33333333333333,0.49999999999999994,0.8660254037844387
2021,2,Pinheiros,72000,9100,0.91,26,16,0,6,7,6,80,1,111.11111111111111,0.8660254037844386,0.5000000000000001
2021,3,Pinheiros,72000,9100,0.91,29,17,0,13,9,9,90,1,125.0,1.0,6.123233995736766e-17
2021,4,Pinheiros,72000,9100,0.91,25,25,0,13,7,10,97,2,134.72222222222223,0.8660254037844387,-0.4999999999999998
2021,5,Pinheiros,72000,9100,0.91,31,24,0,14,5,5,97,2,134.72222222222223,0.49999999999999994,-0.8660254037844387
2021,6,Pinheiros,72000,9100,0.91,30,21,1,12,9,8,105,2,145.83333333333334,1.2246467991473532e-16,-1.0
2021,7,Pinheiros,72000,9100,0.91,19,21,0,15,9,12,90,3,125.0,-0.4999999999999997,-0.8660254037844388
2021,8,Pinheiros,72000,9100,0.91,32,19,0,13,5,8,88,3,122.22222222222221,-0.8660254037844384,-0.5000000000000004
2021,9,Pinheiros,72000,9100,0.91,24,23,0,3,5,8,87,3,120.83333333333334,-1.0,-1.8369701987210297e-16
2021,10,Pinheiros,72000,9100,0.91,22,22,0,9,7,1,71,4,98.61111111111113,-0.8660254037844386,0.5000000000000001
2021,11,Pinheiros,72000,9100,0.91,28,16,0,8,4,1,69,4,95.83333333333333,-0.5000000000000004,0.8660254037844384
2021,12,Pinheiros,72000,9100,0.91,20,11,0,9,10,7,69,4,95.83333333333333,-2.4492935982947064e-16,1.0
2022,1,Pinheiros,72000,9100,0.91,17,13,0,9,2,7,68,1,94.44444444444444,0.49999999999999994,0.8660254037844387
2022,2,Pinheiros,72000,9100,0.91,21,14,0,7,9,5,73,1,101.38888888888889,0.8660254037844386,0.5000000000000001
2022,3,Pinheiros,72000,9100,0.91,21,17,0,6,12,6,78,1,108.33333333333333,1.0,6.123233995736766e-17
2022,4,Pinheiros,72000,9100,0.91,29,14,0,14,10,4,85,2,118.05555555555556,0.8660254037844387,-0.4999999999999998
2022,5,Pinheiros,72000,9100,0.91,25,21,0,7,10,8,91,2,126.38888888888889,0.49999999999999994,-0.8660254037844387
2022,6,Pinheiros,72000,9100,0.91,26,15,0,10,10,8,87,2,120.83333333333334,1.2246467991473532e-16,-1.0
2022,7,Pinheiros,72000,9100,0.91,25,24,0,12,11,8,91,3,126.38888888888889,-0.4999999999999997,-0.8660254037844388
2022,8,Pinheiros,72000,9100,0.91,27,18,0,10,4,7,81,3,112.49999999999999,-0.8660254037844384,-0.5000000000000004
2022,9,Pinheiros,72000,9100,0.91,29,25,0,5,7,3,83,3,115.27777777777777,-1.0,-1.8369701987210297e-16
2022,10,Pinheiros,72000,9100,0.91,19,16,0,7,4,7,63,4,87.5,-0.8660254037844386,0.5000000000000001
2022,11,Pinheiros,72000,9100,0.91,22,15,0,12,9,4,76,4,105.55555555555554,-0.5000000000000004,0.8660254037844384
2022,12,Pinheiros,72000,9100,0.91,17,21,0,9,6,6,67,4,93.05555555555556,-2.4492935982947064e-16,1.0
2023,1,Pinheiros,72000,9100,0.91,21,19,0,12,10,5,81,1,112.49999999999999,0.49999999999999994,0.8660254037844387
2023,2,Pinheiros,72000,9100,0.91,22,13,0,8,11,6,72,1,100.0,0.8660254037844386,0.5000000000000001
2023,3,Pinheiros,72000,9100,0.91,29,21,0,4,7,5,76,1,105.55555555555554,1.0,6.123233995736766e-17
2023,4,Pinheiros,72000,9100,0.91,31,18,0,12,8,10,91,2,126.38888888888889,0.8660254037844387,-0.4999999999999998
2023,5,Pinheiros,72000,9100,0.91,28,15,0,15,9,5,86,2,119.44444444444444,0.49999999999999994,-0.8660254037844387
2023,6,Pinheiros,72000,9100,0.91,26,10,1,15,9,9,95,2,131.94444444444446,1.2246467991473532e-16,-1.0
2023,7,Pinheiros,72000,9100,0.91,25,17,0,12,7,12,85,3,118.05555555555556,-0.4999999999999997,-0.8660254037844388
2023,8,Pinheiros,72000,9100,0.91,19,20,0,11,9,13,88,3,122.22222222222221,-0.8660254037844384,-0.5000000000000004
2023,9,Pinheiros,72000,9100,0.91,22,10,0,8,7,6,65,3,90.27777777777777,-1.0,-1.8369701987210297e-16
2023,10,Pinheiros,72000,9100,0.91,31,11,0,6,4,2,61,4,84.72222222222221,-0.8660254037844386,0.5000000000000001
2023,11,Pinheiros,72000,9100,0.91,22,19,0,7,9,2,70,4,97.22222222222221,-0.5000000000000004,0.8660254037844384
2023,12,Pinheiros,72000,9100,0.91,11,14,0,10,7,3,56,4,77.77777777777777,-2.4492935982947064e-16,1.0
2018,1,Vila Mariana,141000,11200,0.89,39,27,0,15,13,8,117,1,82.97872340425532,0.49999999999999994,0.8660254037844387
2018,2,Vila Mariana,141000,11200,0.89,36,30,0,16,13,6,120,1,85.1063829787234,0.8660254037844386,0.5000000000000001
2018,3,Vila Mariana,141000,11200,0.89,50,18,0,21,13,10,127,1,90.0709219858156,1.0,6.123233995736766e-17
2018,4,Vila Mariana,141000,11200,0.89,52,38,1,14,7,12,154,2,109.21985815602837,0.8660254037844387,-0.4999999999999998
2018,5,Vila Mariana,141000,11200,0.89,38,41,1,14,19,15,161,2,114.18439716312056,0.49999999999999994,-0.8660254037844387
2018,6,Vila Mariana,141000,11200,0.89,43,34,1,10,13,9,137,2,97.16312056737588,1.2246467991473532e-16,-1.0
2018,7,Vila Mariana,141000,11200,0.89,36,33,0,20,16,11,139,3,98.58156028368795,-0.4999999999999997,-0.8660254037844388
2018,8,Vila Mariana,141000,11200,0.89,44,34,0,15,20,11,148,3,104.9645390070922,-0.8660254037844384,-0.5000000000000004
2018,9,Vila Mariana,141000,11200,0.89,46,28,0,11,12,9,126,3,89.36170212765957,-1.0,-1.8369701987210297e-16
2018,10,Vila Mariana,141000,11200,0.89,33,22,0,11,13,11,106,4,75.177304964539,-0.8660254037844386,0.5000000000000001
2018,11,Vila Mariana,141000,11200,0.89,42,23,0,15,8,6,114,4,80.85106382978724,-0.5000000000000004,0.8660254037844384
2018,12,Vila Mariana,141000,11200,0.89,42,29,0,8,11,9,121,4,85.81560283687944,-2.4492935982947064e-16,1.0
2019,1,Vila Mariana,141000,11200,0.89,28,27,0,16,12,9,105,1,74.46808510638299,0.49999999999999994,0.8660254037844387
2019,2,Vila Mariana,141000,11200,0.89,37,27,0,20,8,10,121,1,85.81560283687944,0.8660254037844386,0.5000000000000001
2019,3,Vila Mariana,141000,11200,0.89,46,20,1,15,15,9,131,1,92.90780141843972,1.0,6.123233995736766e-17
2019,4,Vila Mariana,141000,11200,0.89,38,35,1,16,22,10,147,2,104.25531914893618,0.8660254037844387,-0.4999999999999998
2019,5,Vila Mariana,141000,11200,0.89,26,34,1,15,15,11,131,2,92.90780141843972,0.49999999999999994,-0.8660254037844387
2019,6,Vila Mariana,141000,11200,0.89,34,21,1,15,10,8,117,2,82.97872340425532,1.2246467991473532e-16,-1.0
2019,7,Vila Mariana,141000,11200,0.89,51,30,0,20,11,16,149,3,105.67375886524823,-0.4999999999999997,-0.8660254037844388
2019,8,Vila Mariana,141000,11200,0.89,43,28,1,15,11,14,136,3,96.45390070921987,-0.8660254037844384,-0.5000000000000004
2019,9,Vila Mariana,141000,11200,0.89,46,23,0,16,14,13,136,3,96.45390070921987,-1.0,-1.8369701987210297e-16
2019,10,Vila Mariana,141000,11200,0.89,41,28,0,14,14,16,134,4,95.0354609929078,-0.8660254037844386,0.5000000000000001
2019,11,Vila Mariana,141000,11200,0.89,31,27,0,15,11,12,114,4,80.85106382978724,-0.5000000000000004,0.8660254037844384
2019,12,Vila Mariana,141000,11200,0.89,41,22,0,13,8,7,107,4,75.88652482269504,-2.4492935982947064e-16,1.0
2020,1,Vila Mariana,141000,11200,0.89,29,25,0,11,11,7,106,1,75.177304964539,0.49999999999999994,0.8660254037844387
2020,2,Vila Mariana,141000,11200,0.89,55,30,0,13,12,8,137,1,97.16312056737588,0.8660254037844386,0.5000000000000001
2020,3,Vila Mariana,141000,11200,0.89,32,15,1,18,8,6,110,1,78.01418439716312,1.0,6.123233995736766e-17
2020,4,Vila Mariana,141000,11200,0.89,48,20,1,10,15,14,147,2,104.25531914893618,0.8660254037844387,-0.4999999999999998
2020,5,Vila Mariana,141000,11200,0.89,42,36,1,20,17,13,161,2,114.18439716312056,0.49999999999999994,-0.8660254037844387
2020,6,Vila Mariana,141000,11200,0.89,50,28,1,24,21,12,162,2,114.89361702127658,1.2246467991473532e-16,-1.0
2020,7,Vila Mariana,141000,11200,0.89,34,30,1,14,19,17,142,3,100.70921985815603,-0.4999999999999997,-0.8660254037844388
2020,8,Vila Mariana,141000,11200,0.89,34,36,0,15,9,15,133,3,94.32624113475177,-0.8660254037844384,-0.5000000000000004
2020,9,Vila Mariana,141000,11200,0.89,37,29,0,12,13,4,111,3,78.72340425531915,-1.0,-1.8369701987210297e-16
2020,10,Vila Mariana,141000,11200,0.89,24,30,1,11,15,11,123,4,87.23404255319149,-0.8660254037844386,0.5000000000000001
2020,11,Vila Mariana,141000,11200,0.89,36,29,0,16,14,10,120,4,85.1063829787234,-0.5000000000000004,0.8660254037844384
2020,12,Vila Mariana,141000,11200,0.89,36,23,0,14,9,10,107,4,75.88652482269504,-2.4492935982947064e-16,1.0
2021,1,Vila Mariana,141000,11200,0.89,32,21,0,14,14,5,105,1,74.46808510638299,0.49999999999999994,0.8660254037844387
2021,2,Vila Mariana,141000,11200,0.89,34,30,0,17,14,8,121,1,85.81560283687944,0.8660254037844386,0.5000000000000001
2021,3,Vila Mariana,141000,11200,0.89,28,30,1,14,9,10,116,1,82.26950354609929,1.0,6.123233995736766e-17
2021,4,Vila Mariana,141000,11200,0.89,45,29,0,15,12,8,128,2,90.78014184397163,0.8660254037844387,-0.4999999999999998
2021,5,Vila Mariana,141000,11200,0.89,32,43,1,21,14,16,153,2,108.51063829787233,0.49999999999999994,-0.8660254037844387
2021,6,Vila Mariana,141000,11200,0.89,45,31,1,35,17,11,167,2,118.43971631205675,1.2246467991473532e-16,-1.0
2021,7,Vila Mariana,141000,11200,0.89,42,35,1,17,9,12,151,3,107.09219858156028,-0.4999999999999997,-0.8660254037844388
2021,8,Vila Mariana,141000,11200,0.89,39,29,0,16,11,10,128,3,90.78014184397163,-0.8660254037844384,-0.5000000000000004
2021,9,Vila Mariana,141000,11200,0.89,39,24,0,14,9,9,110,3,78.01418439716312,-1.0,-1.8369701987210297e-16
2021,10,Vila Mariana,141000,11200,0.89,37,19,0,17,13,4,112,4,79.43262411347517,-0.8660254037844386,0.5000000000000001
2021,11,Vila Mariana,141000,11200,0.89,34,13,0,14,19,7,103,4,73.04964539007092,-0.5000000000000004,0.8660254037844384
2021,12,Vila Mariana,141000,11200,0.89,33,24,0,20,13,4,118,4,83.68794326241135,-2.4492935982947064e-16,1.0
2022,1,Vila Mariana,141000,11200,0.89,33,25,0,17,9,7,109,1,77.3049645390071,0.49999999999999994,0.8660254037844387
2022,2,Vila Mariana,141000,11200,0.89,34,26,0,17,9,13,123,1,87.23404255319149,0.8660254037844386,0.5000000000000001
2022,3,Vila Mariana,141000,11200,0.89,45,24,0,18,12,11,130,1,92.19858156028369,1.0,6.123233995736766e-17
2022,4,Vila Mariana,141000,11200,0.89,42,36,1,16,14,10,144,2,102.12765957446808,0.8660254037844387,-0.4999999999999998
2022,5,Vila Mariana,141000,11200,0.89,41,32,0,5,18,18,131,2,92.90780141843972,0.49999999999999994,-0.8660254037844387
2022,6,Vila Mariana,141000,11200,0.89,49,27,1,21,10,9,146,2,103.54609929078013,1.2246467991473532e-16,-1.0
2022,7,Vila Mariana,141000,11200,0.89,36,31,0,14,18,9,130,3,92.19858156028369,-0.4999999999999997,-0.8660254037844388
2022,8,Vila Mariana,141000,11200,0.89,46,23,1,12,10,9,133,3,94.32624113475177,-0.8660254037844384,-0.5000000000000004
2022,9,Vila Mariana,141000,11200,0.89,45,28,1,17,13,8,137,3,97.16312056737588,-1.0,-1.8369701987210297e-16
2022,10,Vila Mariana,141000,11200,0.89,33,22,0,17,11,11,118,4,83.68794326241135,-0.8660254037844386,0.5000000000000001
2022,11,Vila Mariana,141000,11200,0.89,31,25,0,17,11,6,112,4,79.43262411347517,-0.5000000000000004,0.8660254037844384
2022,12,Vila Mariana,141000,11200,0.89,27,20,0,16,12,10,108,4,76.59574468085106,-2.4492935982947064e-16,1.0
2023,1,Vila Mariana,141000,11200,0.89,30,26,0,7,12,10,107,1,75.88652482269504,0.49999999999999994,0.8660254037844387
2023,2,Vila Mariana,141000,11200,0.89,34,20,0,15,7,8,104,1,73.75886524822694,0.8660254037844386,0.5000000000000001
2023,3,Vila Mariana,141000,11200,0.89,43,29,0,19,14,11,137,1,97.16312056737588,1.0,6.123233995736766e-17
2023,4,Vila Mariana,141000,11200,0.89,41,21,1,14,17,17,136,2,96.45390070921987,0.8660254037844387,-0.4999999999999998
2023,5,Vila Mariana,141000,11200,0.89,42,27,1,11,13,5,126,2,89.36170212765957,0.49999999999999994,-0.8660254037844387
2023,6,Vila Mariana,141000,11200,0.89,49,31,1,13,13,8,153,2,108.51063829787233,1.2246467991473532e-16,-1.0
2023,7,Vila Mariana,141000,11200,0.89,40,27,0,10,12,14,127,3,90.0709219858156,-0.4999999999999997,-0.8660254037844388
2023,8,Vila Mariana,141000,11200,0.89,48,32,0,13,11,9,128,3,90.78014184397163,-0.8660254037844384,-0.5000000000000004
2023,9,Vila Mariana,141000,11200,0.89,37,20,0,15,12,6,104,3,73.75886524822694,-1.0,-1.8369701987210297e-16
2023,10,Vila Mariana,141000,11200,0.89,34,30,1,14,12,8,125,4,88.65248226950355,-0.8660254037844386,0.5000000000000001
2023,11,Vila Mariana,141000,11200,0.89,29,30,0,11,13,7,107,4,75.88652482269504,-0.5000000000000004,0.8660254037844384
2023,12,Vila Mariana,141000,11200,0.89,34,26,0,20,9,10,114,4,80.85106382978724,-2.4492935982947064e-16,1.0
2018,1,Ipiranga,108000,8500,0.82,34,28,1,15,11,7,120,1,111.11111111111111,0.49999999999999994,0.8660254037844387
2018,2,Ipiranga,108000,8500,0.82,33,20,0,17,13,12,119,1,110.18518518518519,0.8660254037844386,0.5000000000000001
2018,3,Ipiranga,108000,8500,0.82,46,21,0,17,13,9,128,1,118.51851851851852,1.0,6.123233995736766e-17
2018,4,Ipiranga,108000,8500,0.82,38,33,0,23,13,14,140,2,129.62962962962962,0.8660254037844387,-0.4999999999999998
2018,5,Ipiranga,108000,8500,0.82,43,29,0,14,8,8,122,2,112.96296296296298,0.49999999999999994,-0.8660254037844387
2018,6,Ipiranga,108000,8500,0.82,47,34,1,16,21,10,157,2,145.37037037037038,1.2246467991473532e-16,-1.0
2018,7,Ipiranga,108000,8500,0.82,41,39,1,16,21,12,158,3,146.2962962962963,-0.4999999999999997,-0.8660254037844388
2018,8,Ipiranga,108000,8500,0.82,43,29,1,17,15,11,141,3,130.55555555555554,-0.8660254037844384,-0.5000000000000004
2018,9,Ipiranga,108000,8500,0.82,34,22,1,17,11,14,124,3,114.81481481481481,-1.0,-1.8369701987210297e-16
2018,10,Ipiranga,108000,8500,0.82,35,19,0,18,13,12,118,4,109.25925925925925,-0.8660254037844386,0.5000000000000001
2018,11,Ipiranga,108000,8500,0.82,31,19,0,16,14,9,105,4,97.22222222222221,-0.5000000000000004,0.8660254037844384
2018,12,Ipiranga,108000,8500,0.82,34,27,1,8,11,8,114,4,105.55555555555554,-2.4492935982947064e-16,1.0
2019,1,Ipiranga,108000,8500,0.82,18,28,0,12,11,9,100,1,92.5925925925926,0.49999999999999994,0.8660254037844387
2019,2,Ipiranga,108000,8500,0.82,28,25,0,13,12,17,115,1,106.48148148148148,0.8660254037844386,0.5000000000000001
2019,3,Ipiranga,108000,8500,0.82,44,26,0,16,15,17,138,1,127.77777777777779,1.0,6.123233995736766e-17
2019,4,Ipiranga,108000,8500,0.82,41,32,1,11,9,12,140,2,129.62962962962962,0.8660254037844387,-0.4999999999999998
2019,5,Ipiranga,108000,8500,0.82,45,37,0,17,12,7,134,2,124.07407407407408,0.49999999999999994,-0.8660254037844387
2019,6,Ipiranga,108000,8500,0.82,48,28,0,19,17,14,149,2,137.96296296296296,1.2246467991473532e-16,-1.0
2019,7,Ipiranga,108000,8500,0.82,45,32,1,18,7,11,145,3,134.25925925925924,-0.4999999999999997,-0.8660254037844388
2019,8,Ipiranga,108000,8500,0.82,34,22,0,12,11,9,106,3,98.14814814814814,-0.8660254037844384,-0.5000000000000004
2019,9,Ipiranga,108000,8500,0.82,38,22,0,12,11,7,112,3,103.70370370370371,-1.0,-1.8369701987210297e-16
2019,10,Ipiranga,108000,8500,0.82,36,24,0,14,12,8,116,4,107.4074074074074,-0.8660254037844386,0.5000000000000001
2019,11,Ipiranga,108000,8500,0.82,32,16,0,19,11,6,107,4,99.07407407407408,-0.5000000000000004,0.8660254037844384
2019,12,Ipiranga,108000,8500,0.82,28,25,0,12,10,9,103,4,95.37037037037037,-2.4492935982947064e-16,1.0
2020,1,Ipiranga,108000,8500,0.82,25,26,1,12,8,9,105,1,97.22222222222221,0.49999999999999994,0.8660254037844387
2020,2,Ipiranga,108000,8500,0.82,43,18,0,11,14,9,112,1,103.70370370370371,0.8660254037844386,0.5000000000000001
2020,3,Ipiranga,108000,8500,0.82,38,22,0,18,17,10,126,1,116.66666666666667,1.0,6.123233995736766e-17
2020,4,Ipiranga,108000,8500,0.82,36,27,0,16,11,10,111,2,102.77777777777779,0.8660254037844387,-0.4999999999999998
2020,5,Ipiranga,108000,8500,0.82,38,29,1,13,15,9,135,2,125.0,0.49999999999999994,-0.8660254037844387
2020,6,Ipiranga,108000,8500,0.82,40,33,1,16,17,12,150,2,138.88888888888889,1.2246467991473532e-16,-1.0
2020,7,Ipiranga,108000,8500,0.82,43,29,1,17,16,9,143,3,132.40740740740742,-0.4999999999999997,-0.8660254037844388
2020,8,Ipiranga,108000,8500,0.82,44,27,0,13,13,14,132,3,122.22222222222221,-0.8660254037844384,-0.5000000000000004
2020,9,Ipiranga,108000,8500,0.82,41,24,0,13,15,9,118,3,109.25925925925925,-1.0,-1.8369701987210297e-16
2020,10,Ipiranga,108000,8500,0.82,34,31,0,10,11,10,118,4,109.25925925925925,-0.8660254037844386,0.5000000000000001
2020,11,Ipiranga,108000,8500,0.82,35,24,0,9,12,8,106,4,98.14814814814814,-0.5000000000000004,0.8660254037844384
2020,12,Ipiranga,108000,8500,0.82,28,23,0,15,8,10,106,4,98.14814814814814,-2.4492935982947064e-16,1.0
2021,1,Ipiranga,108000,8500,0.82,33,26,0,8,11,11,102,1,94.44444444444444,0.49999999999999994,0.8660254037844387
2021,2,Ipiranga,108000,8500,0.82,39,27,0,9,9,10,112,1,103.70370370370371,0.8660254037844386,0.5000000000000001
2021,3,Ipiranga,108000,8500,0.82,32,30,1,21,16,11,142,1,131.4814814814815,1.0,6.123233995736766e-17
2021,4,Ipiranga,108000,8500,0.82,38,34,0,22,10,10,130,2,120.37037037037038,0.8660254037844387,-0.4999999999999998
2021,5,Ipiranga,108000,8500,0.82,33,25,1,13,15,7,119,2,110.18518518518519,0.49999999999999994,-0.8660254037844387
2021,6,Ipiranga,108000,8500,0.82,39,37,1,17,11,15,145,2,134.25925925925924,1.2246467991473532e-16,-1.0
2021,7,Ipiranga,108000,8500,0.82,44,44,1,20,16,12,168,3,155.55555555555554,-0.4999999999999997,-0.8660254037844388
2021,8,Ipiranga,108000,8500,0.82,47,31,1,17,15,12,151,3,139.8148148148148,-0.8660254037844384,-0.5000000000000004
2021,9,Ipiranga,108000,8500,0.82,34,30,1,11,7,11,126,3,116.66666666666667,-1.0,-1.8369701987210297e-16
2021,10,Ipiranga,108000,8500,0.82,36,18,0,10,19,2,102,4,94.44444444444444,-0.8660254037844386,0.5000000000000001
2021,11,Ipiranga,108000,8500,0.82,24,17,0,17,9,7,97,4,89.81481481481481,-0.5000000000000004,0.8660254037844384
2021,12,Ipiranga,108000,8500,0.82,29,22,0,15,10,10,105,4,97.22222222222221,-2.4492935982947064e-16,1.0
2022,1,Ipiranga,108000,8500,0.82,34,19,0,13,9,8,100,1,92.5925925925926,0.49999999999999994,0.8660254037844387
2022,2,Ipiranga,108000,8500,0.82,26,24,1,10,4,11,103,1,95.37037037037037,0.8660254037844386,0.5000000000000001
2022,3,Ipiranga,108000,8500,0.82,36,13,0,13,12,13,108,1,100.0,1.0,6.123233995736766e-17
2022,4,Ipiranga,108000,8500,0.82,40,15,1,18,20,13,133,2,123.14814814814814,0.8660254037844387,-0.4999999999999998
2022,5,Ipiranga,108000,8500,0.82,27,32,1,11,10,7,112,2,103.70370370370371,0.49999999999999994,-0.8660254037844387
2022,6,Ipiranga,108000,8500,0.82,35,31,1,17,19,11,138,2,127.77777777777779,1.2246467991473532e-16,-1.0
2022,7,Ipiranga,108000,8500,0.82,32,26,1,16,16,7,127,3,117.5925925925926,-0.4999999999999997,-0.8660254037844388
2022,8,Ipiranga,108000,8500,0.82,47,29,0,9,12,7,127,3,117.5925925925926,-0.8660254037844384,-0.5000000000000004
2022,9,Ipiranga,108000,8500,0.82,30,21,0,15,10,12,108,3,100.0,-1.0,-1.8369701987210297e-16
2022,10,Ipiranga,108000,8500,0.82,31,21,0,12,12,5,94,4,87.03703703703704,-0.8660254037844386,0.5000000000000001
2022,11,Ipiranga,108000,8500,0.82,20,20,1,14,7,4,90,4,83.33333333333334,-0.5000000000000004,0.8660254037844384
2022,12,Ipiranga,108000,8500,0.82,18,17,0,17,10,5,84,4,77.77777777777777,-2.4492935982947064e-16,1.0
2023,1,Ipiranga,108000,8500,0.82,38,17,0,8,8,7,95,1,87.96296296296296,0.49999999999999994,0.8660254037844387
2023,2,Ipiranga,108000,8500,0.82,35,29,0,12,5,5,107,1,99.07407407407408,0.8660254037844386,0.5000000000000001
2023,3,Ipiranga,108000,8500,0.82,32,18,0,15,10,7,102,1,94.44444444444444,1.0,6.123233995736766e-17
2023,4,Ipiranga,108000,8500,0.82,34,21,0,16,11,10,111,2,102.77777777777779,0.8660254037844387,-0.4999999999999998
2023,5,Ipiranga,108000,8500,0.82,23,29,1,12,18,8,118,2,109.25925925925925,0.49999999999999994,-0.8660254037844387
2023,6,Ipiranga,108000,8500,0.82,46,35,0,19,17,10,145,2,134.25925925925924,1.2246467991473532e-16,-1.0
2023,7,Ipiranga,108000,8500,0.82,37,20,1,7,15,12,120,3,111.11111111111111,-0.4999999999999997,-0.8660254037844388
2023,8,Ipiranga,108000,8500,0.82,36,33,0,19,11,5,120,3,111.11111111111111,-0.8660254037844384,-0.5000000000000004
2023,9,Ipiranga,108000,8500,0.82,33,22,1,12,12,9,116,3,107.4074074074074,-1.0,-1.8369701987210297e-16
2023,10,Ipiranga,108000,8500,0.82,41,31,0,11,7,9,119,4,110.18518518518519,-0.8660254037844386,0.5000000000000001
2023,11,Ipiranga,108000,8500,0.82,29,23,0,8,4,10,86,4,79.62962962962962,-0.5000000000000004,0.8660254037844384
2023,12,Ipiranga,108000,8500,0.82,28,21,0,16,7,7,95,4,87.96296296296296,-2.4492935982947064e-16,1.0
2018,1,Santo André,720000,4200,0.8,160,125,3,58,44,38,524,1,72.77777777777779,0.49999999999999994,0.8660254037844387
2018,2,Santo André,720000,4200,0.8,156,137,3,75,49,41,552,1,76.66666666666667,0.8660254037844386,0.5000000000000001
2018,3,Santo André,720000,4200,0.8,166,137,3,56,57,46,558,1,77.5,1.0,6.123233995736766e-17
2018,4,Santo André,720000,4200,0.8,182,142,4,63,56,40,597,2,82.91666666666666,0.8660254037844387,-0.4999999999999998
2018,5,Santo André,720000,4200,0.8,229,161,5,87,66,74,757,2,105.13888888888889,0.49999999999999994,-0.8660254037844387
2018,6,Santo André,720000,4200,0.8,179,166,5,86,72,57,686,2,95.27777777777777,1.2246467991473532e-16,-1.0
2018,7,Santo André,720000,4200,0.8,190,153,4,74,66,58,662,3,91.94444444444444,-0.4999999999999997,-0.8660254037844388
2018,8,Santo André,720000,4200,0.8,186,144,4,57,58,54,617,3,85.69444444444444,-0.8660254037844384,-0.5000000000000004
2018,9,Santo André,720000,4200,0.8,146,115,3,47,43,29,475,3,65.97222222222223,-1.0,-1.8369701987210297e-16
2018,10,Santo André,720000,4200,0.8,154,123,3,65,49,36,514,4,71.38888888888889,-0.8660254037844386,0.5000000000000001
2018,11,Santo André,720000,4200,0.8,159,116,3,49,41,42,493,4,68.47222222222221,-0.5000000000000004,0.8660254037844384
2018,12,Santo André,720000,4200,0.8,148,114,2,41,42,43,462,4,64.16666666666667,-2.4492935982947064e-16,1.0
2019,1,Santo André,720000,4200,0.8,144,95,4,61,51,44,506,1,70.27777777777777,0.49999999999999994,0.8660254037844387
2019,2,Santo André,720000,4200,0.8,177,93,3,64,54,41,508,1,70.55555555555556,0.8660254037844386,0.5000000000000001
2019,3,Santo André,720000,4200,0.8,144,109,4,59,51,44,514,1,71.38888888888889,1.0,6.123233995736766e-17
2019,4,Santo André,720000,4200,0.8,156,134,3,75,59,47,570,2,79.16666666666667,0.8660254037844387,-0.4999999999999998
2019,5,Santo André,720000,4200,0.8,226,148,4,74,59,73,698,2,96.94444444444444,0.49999999999999994,-0.8660254037844387
2019,6,Santo André,720000,4200,0.8,185,132,4,84,65,47,631,2,87.63888888888889,1.2246467991473532e-16,-1.0
2019,7,Santo André,720000,4200,0.8,240,150,5,90,51,40,700,3,97.22222222222221,-0.4999999999999997,-0.8660254037844388
2019,8,Santo André,720000,4200,0.8,193,141,4,76,62,50,643,3,89.30555555555556,-0.8660254037844384,-0.5000000000000004
2019,9,Santo André,720000,4200,0.8,161,111,4,57,52,41,532,3,73.88888888888889,-1.0,-1.8369701987210297e-16
2019,10,Santo André,720000,4200,0.8,145,108,3,61,61,41,511,4,70.97222222222223,-0.8660254037844386,0.5000000000000001
2019,11,Santo André,720000,4200,0.8,146,119,3,53,51,32,487,4,67.63888888888889,-0.5000000000000004,0.8660254037844384
2019,12,Santo André,720000,4200,0.8,147,100,3,56,49,47,493,4,68.47222222222221,-2.4492935982947064e-16,1.0
2020,1,Santo André,720000,4200,0.8,140,112,3,53,37,33,458,1,63.611111111111114,0.49999999999999994,0.8660254037844387
2020,2,Santo André,720000,4200,0.8,136,128,3,64,55,49,521,1,72.3611111111111,0.8660254037844386,0.5000000000000001
2020,3,Santo André,720000,4200,0.8,165,125,4,64,53,45,552,1,76.66666666666667,1.0,6.123233995736766e-17
2020,4,Santo André,720000,4200,0.8,188,116,4,55,47,40,559,2,77.63888888888889,0.8660254037844387,-0.4999999999999998
2020,5,Santo André,720000,4200,0.8,136,101,4,61,50,49,500,2,69.44444444444444,0.49999999999999994,-0.8660254037844387
2020,6,Santo André,720000,4200,0.8,207,145,4,71,64,64,672,2,93.33333333333333,1.2246467991473532e-16,-1.0
2020,7,Santo André,720000,4200,0.8,195,129,4,73,65,52,620,3,86.11111111111111,-0.4999999999999997,-0.8660254037844388
2020,8,Santo André,720000,4200,0.8,144,141,3,61,46,40,516,3,71.66666666666667,-0.8660254037844384,-0.5000000000000004
2020,9,Santo André,720000,4200,0.8,167,127,3,66,47,41,542,3,75.27777777777777,-1.0,-1.8369701987210297e-16
2020,10,Santo André,720000,4200,0.8,136,98,4,52,53,43,485,4,67.36111111111111,-0.8660254037844386,0.5000000000000001
2020,11,Santo André,720000,4200,0.8,171,114,3,61,44,43,522,4,72.5,-0.5000000000000004,0.8660254037844384
2020,12,Santo André,720000,4200,0.8,140,91,2,46,34,33,408,4,56.66666666666667,-2.4492935982947064e-16,1.0
2021,1,Santo André,720000,4200,0.8,139,112,3,60,43,34,470,1,65.27777777777777,0.49999999999999994,0.8660254037844387
2021,2,Santo André,720000,4200,0.8,151,104,3,62,52,39,500,1,69.44444444444444,0.8660254037844386,0.5000000000000001
2021,3,Santo André,720000,4200,0.8,131,106,3,52,36,37,452,1,62.77777777777778,1.0,6.123233995736766e-17
2021,4,Santo André,720000,4200,0.8,177,129,3,67,59,48,572,2,79.44444444444444,0.8660254037844387,-0.4999999999999998
2021,5,Santo André,720000,4200,0.8,191,137,4,78,52,43,625,2,86.80555555555556,0.49999999999999994,-0.8660254037844387
2021,6,Santo André,720000,4200,0.8,169,128,4,73,56,51,578,2,80.27777777777779,1.2246467991473532e-16,-1.0
2021,7,Santo André,720000,4200,0.8,151,110,4,56,60,42,538,3,74.72222222222223,-0.4999999999999997,-0.8660254037844388
2021,8,Santo André,720000,4200,0.8,213,144,4,66,66,43,633,3,87.91666666666667,-0.8660254037844384,-0.5000000000000004
2021,9,Santo André,720000,4200,0.8,169,112,4,60,57,35,533,3,74.02777777777777,-1.0,-1.8369701987210297e-16
2021,10,Santo André,720000,4200,0.8,151,109,3,65,57,28,505,4,70.13888888888889,-0.8660254037844386,0.5000000000000001
2021,11,Santo André,720000,4200,0.8,135,96,3,59,48,52,489,4,67.91666666666667,-0.5000000000000004,0.8660254037844384
2021,12,Santo André,720000,4200,0.8,106,96,2,50,32,30,382,4,53.05555555555556,-2.4492935982947064e-16,1.0
2022,1,Santo André,720000,4200,0.8,150,111,4,57,48,29,500,1,69.44444444444444,0.49999999999999994,0.8660254037844387
2022,2,Santo André,720000,4200,0.8,179,109,3,73,60,47,557,1,77.36111111111111,0.8660254037844386,0.5000000000000001
2022,3,Santo André,720000,4200,0.8,160,114,4,72,48,44,542,1,75.27777777777777,1.0,6.123233995736766e-17
2022,4,Santo André,720000,4200,0.8,175,91,3,70,69,55,538,2,74.72222222222223,0.8660254037844387,-0.4999999999999998
2022,5,Santo André,720000,4200,0.8,161,118,3,72,53,39,536,2,74.44444444444444,0.49999999999999994,-0.8660254037844387
2022,6,Santo André,720000,4200,0.8,201,130,5,75,68,51,654,2,90.83333333333334,1.2246467991473532e-16,-1.0
2022,7,Santo André,720000,4200,0.8,168,125,4,62,68,65,590,3,81.94444444444444,-0.4999999999999997,-0.8660254037844388
2022,8,Santo André,720000,4200,0.8,169,109,3,63,51,53,539,3,74.86111111111111,-0.8660254037844384,-0.5000000000000004
2022,9,Santo André,720000,4200,0.8,126,96,3,65,62,39,480,3,66.66666666666667,-1.0,-1.8369701987210297e-16
2022,10,Santo André,720000,4200,0.8,196,119,3,68,48,36,552,4,76.66666666666667,-0.8660254037844386,0.5000000000000001
2022,11,Santo André,720000,4200,0.8,112,103,3,46,34,43,413,4,57.361111111111114,-0.5000000000000004,0.8660254037844384
2022,12,Santo André,720000,4200,0.8,164,108,3,64,44,47,511,4,70.97222222222223,-2.4492935982947064e-16,1.0
2023,1,Santo André,720000,4200,0.8,154,88,3,54,43,33,462,1,64.16666666666667,0.49999999999999994,0.8660254037844387
2023,2,Santo André,720000,4200,0.8,157,104,3,69,58,37,524,1,72.77777777777779,0.8660254037844386,0.5000000000000001
2023,3,Santo André,720000,4200,0.8,160,123,4,75,63,33,560,1,77.77777777777777,1.0,6.123233995736766e-17
2023,4,Santo André,720000,4200,0.8,133,88,2,45,42,45,426,2,59.166666666666664,0.8660254037844387,-0.4999999999999998
2023,5,Santo André,720000,4200,0.8,196,140,3,91,56,43,609,2,84.58333333333333,0.49999999999999994,-0.8660254037844387
2023,6,Santo André,720000,4200,0.8,190,149,5,78,75,48,667,2,92.63888888888889,1.2246467991473532e-16,-1.0
2023,7,Santo André,720000,4200,0.8,166,132,4,78,71,50,610,3,84.72222222222221,-0.4999999999999997,-0.8660254037844388
2023,8,Santo André,720000,4200,0.8,143,102,3,65,50,30,480,3,66.66666666666667,-0.8660254037844384,-0.5000000000000004
2023,9,Santo André,720000,4200,0.8,164,111,3,65,50,39,510,3,70.83333333333334,-1.0,-1.8369701987210297e-16
2023,10,Santo André,720000,4200,0.8,143,107,3,53,48,39,484,4,67.22222222222223,-0.8660254037844386,0.5000000000000001
2023,11,Santo André,720000,4200,0.8,145,125,3,74,59,39,532,4,73.88888888888889,-0.5000000000000004,0.8660254037844384
2023,12,Santo André,720000,4200,0.8,145,115,3,45,58,37,477,4,66.25,-2.4492935982947064e-16,1.0
2018,1,Guarulhos,1400000,3900,0.76,245,185,4,77,76,50,757,1,54.07142857142858,0.49999999999999994,0.8660254037844387
2018,2,Guarulhos,1400000,3900,0.76,252,204,6,115,76,65,862,1,61.57142857142858,0.8660254037844386,0.5000000000000001
2018,3,Guarulhos,1400000,3900,0.76,264,160,6,101,75,54,818,1,58.42857142857142,1.0,6.123233995736766e-17
2018,4,Guarulhos,1400000,3900,0.76,324,255,8,134,99,87,1101,2,78.64285714285714,0.8660254037844387,-0.4999999999999998
2018,5,Guarulhos,1400000,3900,0.76,345,239,7,141,106,86,1111,2,79.35714285714285,0.49999999999999994,-0.8660254037844387
2018,6,Guarulhos,1400000,3900,0.76,317,213,7,117,95,83,1013,2,72.35714285714286,1.2246467991473532e-16,-1.0
2018,7,Guarulhos,1400000,3900,0.76,349,247,7,140,132,104,1170,3,83.57142857142857,-0.4999999999999997,-0.8660254037844388
2018,8,Guarulhos,1400000,3900,0.76,277,216,7,103,100,77,965,3,68.92857142857143,-0.8660254037844384,-0.5000000000000004
2018,9,Guarulhos,1400000,3900,0.76,297,196,7,121,102,79,994,3,71.0,-1.0,-1.8369701987210297e-16
2018,10,Guarulhos,1400000,3900,0.76,252,164,5,99,79,52,778,4,55.57142857142857,-0.8660254037844386,0.5000000000000001
2018,11,Guarulhos,1400000,3900,0.76,239,175,5,94,77,53,772,4,55.14285714285714,-0.5000000000000004,0.8660254037844384
2018,12,Guarulhos,1400000,3900,0.76,244,182,5,95,84,68,820,4,58.57142857142858,-2.4492935982947064e-16,1.0
2019,1,Guarulhos,1400000,3900,0.76,221,188,6,94,82,56,802,1,57.285714285714285,0.49999999999999994,0.8660254037844387
2019,2,Guarulhos,1400000,3900,0.76,222,168,6,104,89,64,807,1,57.64285714285714,0.8660254037844386,0.5000000000000001
2019,3,Guarulhos,1400000,3900,0.76,235,196,6,112,73,68,854,1,61.0,1.0,6.123233995736766e-17
2019,4,Guarulhos,1400000,3900,0.76,327,255,7,124,123,81,1105,2,78.92857142857143,0.8660254037844387,-0.4999999999999998
2019,5,Guarulhos,1400000,3900,0.76,295,233,6,119,100,71,986,2,70.42857142857143,0.49999999999999994,-0.8660254037844387
2019,6,Guarulhos,1400000,3900,0.76,326,275,8,137,117,83,1158,2,82.71428571428571,1.2246467991473532e-16,-1.0
2019,7,Guarulhos,1400000,3900,0.76,278,206,7,123,114,83,991,3,70.78571428571429,-0.4999999999999997,-0.8660254037844388
2019,8,Guarulhos,1400000,3900,0.76,313,224,7,125,95,73,1022,3,73.0,-0.8660254037844384,-0.5000000000000004
2019,9,Guarulhos,1400000,3900,0.76,301,184,6,104,78,66,896,3,64.0,-1.0,-1.8369701987210297e-16
2019,10,Guarulhos,1400000,3900,0.76,278,205,6,109,90,69,914,4,65.28571428571429,-0.8660254037844386,0.5000000000000001
2019,11,Guarulhos,1400000,3900,0.76,231,164,5,119,87,70,810,4,57.85714285714286,-0.5000000000000004,0.8660254037844384
2019,12,Guarulhos,1400000,3900,0.76,245,150,5,86,75,63,765,4,54.64285714285714,-2.4492935982947064e-16,1.0
2020,1,Guarulhos,1400000,3900,0.76,193,160,4,75,76,52,665,1,47.5,0.49999999999999994,0.8660254037844387
2020,2,Guarulhos,1400000,3900,0.76,251,166,5,100,73,69,803,1,57.35714285714286,0.8660254037844386,0.5000000000000001
2020,3,Guarulhos,1400000,3900,0.76,314,186,7,135,92,70,984,1,70.28571428571429,1.0,6.123233995736766e-17
2020,4,Guarulhos,1400000,3900,0.76,290,213,6,111,91,86,960,2,68.57142857142857,0.8660254037844387,-0.4999999999999998
2020,5,Guarulhos,1400000,3900,0.76,313,227,8,137,119,88,1099,2,78.5,0.49999999999999994,-0.8660254037844387
2020,6,Guarulhos,1400000,3900,0.76,316,215,6,119,96,91,1011,2,72.21428571428572,1.2246467991473532e-16,-1.0
2020,7,Guarulhos,1400000,3900,0.76,311,252,7,133,101,82,1057,3,75.5,-0.4999999999999997,-0.8660254037844388
2020,8,Guarulhos,1400000,3900,0.76,262,207,5,102,80,58,840,3,59.99999999999999,-0.8660254037844384,-0.5000000000000004
2020,9,Guarulhos,1400000,3900,0.76,250,227,7,125,98,60,956,3,68.28571428571428,-1.0,-1.8369701987210297e-16
2020,10,Guarulhos,1400000,3900,0.76,236,144,5,112,66,57,751,4,53.64285714285714,-0.8660254037844386,0.5000000000000001
2020,11,Guarulhos,1400000,3900,0.76,213,176,4,64,57,50,678,4,48.42857142857143,-0.5000000000000004,0.8660254037844384
2020,12,Guarulhos,1400000,3900,0.76,260,158,5,113,77,67,808,4,57.714285714285715,-2.4492935982947064e-16,1.0
2021,1,Guarulhos,1400000,3900,0.76,196,150,5,94,79,68,725,1,51.785714285714285,0.49999999999999994,0.8660254037844387
2021,2,Guarulhos,1400000,3900,0.76,240,219,6,79,84,64,843,1,60.21428571428572,0.8660254037844386,0.5000000000000001
2021,3,Guarulhos,1400000,3900,0.76,291,200,6,96,86,68,893,1,63.78571428571428,1.0,6.123233995736766e-17
2021,4,Guarulhos,1400000,3900,0.76,220,181,6,79,86,58,783,2,55.92857142857143,0.8660254037844387,-0.4999999999999998
2021,5,Guarulhos,1400000,3900,0.76,291,207,7,105,91,85,971,2,69.35714285714286,0.49999999999999994,-0.8660254037844387
2021,6,Guarulhos,1400000,3900,0.76,302,224,7,109,112,98,1034,2,73.85714285714286,1.2246467991473532e-16,-1.0
2021,7,Guarulhos,1400000,3900,0.76,344,223,6,146,119,83,1079,3,77.07142857142857,-0.4999999999999997,-0.8660254037844388
2021,8,Guarulhos,1400000,3900,0.76,268,201,6,115,81,78,901,3,64.35714285714286,-0.8660254037844384,-0.5000000000000004
2021,9,Guarulhos,1400000,3900,0.76,278,212,6,109,90,73,915,3,65.35714285714286,-1.0,-1.8369701987210297e-16
2021,10,Guarulhos,1400000,3900,0.76,242,204,6,108,88,70,870,4,62.14285714285714,-0.8660254037844386,0.5000000000000001
2021,11,Guarulhos,1400000,3900,0.76,194,144,4,78,64,58,661,4,47.214285714285715,-0.5000000000000004,0.8660254037844384
2021,12,Guarulhos,1400000,3900,0.76,242,173,7,102,84,87,863,4,61.642857142857146,-2.4492935982947064e-16,1.0
2022,1,Guarulhos,1400000,3900,0.76,215,142,4,80,52,51,656,1,46.857142857142854,0.49999999999999994,0.8660254037844387
2022,2,Guarulhos,1400000,3900,0.76,211,134,5,103,73,54,711,1,50.78571428571429,0.8660254037844386,0.5000000000000001
2022,3,Guarulhos,1400000,3900,0.76,238,185,5,110,70,75,803,1,57.35714285714286,1.0,6.123233995736766e-17
2022,4,Guarulhos,1400000,3900,0.76,267,154,6,102,91,79,847,2,60.49999999999999,0.8660254037844387,-0.4999999999999998
2022,5,Guarulhos,1400000,3900,0.76,307,214,7,140,113,80,1050,2,75.0,0.49999999999999994,-0.8660254037844387
2022,6,Guarulhos,1400000,3900,0.76,308,224,7,139,100,54,1000,2,71.42857142857143,1.2246467991473532e-16,-1.0
2022,7,Guarulhos,1400000,3900,0.76,275,186,6,114,72,77,885,3,63.214285714285715,-0.4999999999999997,-0.8660254037844388
2022,8,Guarulhos,1400000,3900,0.76,296,213,6,116,71,83,950,3,67.85714285714286,-0.8660254037844384,-0.5000000000000004
2022,9,Guarulhos,1400000,3900,0.76,257,187,6,108,80,73,859,3,61.35714285714286,-1.0,-1.8369701987210297e-16
2022,10,Guarulhos,1400000,3900,0.76,201,180,4,96,76,56,732,4,52.285714285714285,-0.8660254037844386,0.5000000000000001
2022,11,Guarulhos,1400000,3900,0.76,196,160,5,83,73,48,709,4,50.64285714285714,-0.5000000000000004,0.8660254037844384
2022,12,Guarulhos,1400000,3900,0.76,229,147,3,92,74,54,691,4,49.35714285714286,-2.4492935982947064e-16,1.0
2023,1,Guarulhos,1400000,3900,0.76,213,145,4,91,101,63,734,1,52.42857142857143,0.49999999999999994,0.8660254037844387
2023,2,Guarulhos,1400000,3900,0.76,246,169,6,80,67,70,783,1,55.92857142857143,0.8660254037844386,0.5000000000000001
2023,3,Guarulhos,1400000,3900,0.76,236,178,5,94,82,66,801,1,57.21428571428571,1.0,6.123233995736766e-17
2023,4,Guarulhos,1400000,3900,0.76,225,197,6,110,85,74,861,2,61.5,0.8660254037844387,-0.4999999999999998
2023,5,Guarulhos,1400000,3900,0.76,295,197,7,107,92,78,953,2,68.07142857142857,0.49999999999999994,-0.8660254037844387
2023,6,Guarulhos,1400000,3900,0.76,287,196,6,118,108,76,935,2,66.78571428571429,1.2246467991473532e-16,-1.0
2023,7,Guarulhos,1400000,3900,0.76,333,246,7,135,102,77,1074,3,76.71428571428572,-0.4999999999999997,-0.8660254037844388
2023,8,Guarulhos,1400000,3900,0.76,249,179,6,103,76,50,819,3,58.5,-0.8660254037844384,-0.5000000000000004
2023,9,Guarulhos,1400000,3900,0.76,262,193,5,96,80,73,845,3,60.357142857142854,-1.0,-1.8369701987210297e-16
2023,10,Guarulhos,1400000,3900,0.76,234,155,6,103,77,67,800,4,57.142857142857146,-0.8660254037844386,0.5000000000000001
2023,11,Guarulhos,1400000,3900,0.76,187,164,5,96,82,51,714,4,51.00000000000001,-0.5000000000000004,0.8660254037844384
2023,12,Guarulhos,1400000,3900,0.76,215,145,5,85,65,59,703,4,50.214285714285715,-2.4492935982947064e-16,1.0
2018,1,Osasco,700000,10200,0.76,201,167,3,88,62,52,668,1,95.42857142857143,0.49999999999999994,0.8660254037844387
2018,2,Osasco,700000,10200,0.76,181,137,4,77,61,49,605,1,86.42857142857143,0.8660254037844386,0.5000000000000001
2018,3,Osasco,700000,10200,0.76,182,177,5,70,63,74,700,1,100.0,1.0,6.123233995736766e-17
2018,4,Osasco,700000,10200,0.76,233,171,6,104,86,63,810,2,115.71428571428572,0.8660254037844387,-0.4999999999999998
2018,5,Osasco,700000,10200,0.76,216,156,4,88,68,53,701,2,100.14285714285715,0.49999999999999994,-0.8660254037844387
2018,6,Osasco,700000,10200,0.76,250,157,5,103,75,76,801,2,114.42857142857142,1.2246467991473532e-16,-1.0
2018,7,Osasco,700000,10200,0.76,238,204,5,87,89,48,812,3,116.0,-0.4999999999999997,-0.8660254037844388
2018,8,Osasco,700000,10200,0.76,230,156,5,88,69,53,731,3,104.42857142857144,-0.8660254037844384,-0.5000000000000004
2018,9,Osasco,700000,10200,0.76,215,147,5,84,59,78,717,3,102.42857142857143,-1.0,-1.8369701987210297e-16
2018,10,Osasco,700000,10200,0.76,166,149,4,92,60,45,635,4,90.71428571428571,-0.8660254037844386,0.5000000000000001
2018,11,Osasco,700000,10200,0.76,139,102,3,57,48,34,468,4,66.85714285714285,-0.5000000000000004,0.8660254037844384
2018,12,Osasco,700000,10200,0.76,192,145,4,75,83,50,655,4,93.57142857142857,-2.4492935982947064e-16,1.0
2019,1,Osasco,700000,10200,0.76,168,117,5,64,55,71,601,1,85.85714285714286,0.49999999999999994,0.8660254037844387
2019,2,Osasco,700000,10200,0.76,209,151,5,80,70,51,698,1,99.71428571428572,0.8660254037844386,0.5000000000000001
2019,3,Osasco,700000,10200,0.76,207,176,6,110,72,51,775,1,110.71428571428571,1.0,6.123233995736766e-17
2019,4,Osasco,700000,10200,0.76,217,173,5,92,78,73,763,2,109.0,0.8660254037844387,-0.4999999999999998
2019,5,Osasco,700000,10200,0.76,233,175,6,105,84,70,823,2,117.57142857142858,0.49999999999999994,-0.8660254037844387
2019,6,Osasco,700000,10200,0.76,248,163,6,96,75,72,809,2,115.57142857142857,1.2246467991473532e-16,-1.0
2019,7,Osasco,700000,10200,0.76,257,160,5,77,83,59,778,3,111.14285714285714,-0.4999999999999997,-0.8660254037844388
2019,8,Osasco,700000,10200,0.76,215,174,5,82,81,52,730,3,104.28571428571429,-0.8660254037844384,-0.5000000000000004
2019,9,Osasco,700000,10200,0.76,203,145,4,76,69,69,679,3,97.0,-1.0,-1.8369701987210297e-16
2019,10,Osasco,700000,10200,0.76,173,145,3,52,61,40,568,4,81.14285714285714,-0.8660254037844386,0.5000000000000001
2019,11,Osasco,700000,10200,0.76,184,140,4,71,67,50,623,4,89.0,-0.5000000000000004,0.8660254037844384
2019,12,Osasco,700000,10200,0.76,162,136,4,85,55,36,575,4,82.14285714285715,-2.4492935982947064e-16,1.0
2020,1,Osasco,700000,10200,0.76,161,113,3,55,57,38,505,1,72.14285714285714,0.49999999999999994,0.8660254037844387
2020,2,Osasco,700000,10200,0.76,139,113,3,52,58,33,494,1,70.57142857142857,0.8660254037844386,0.5000000000000001
2020,3,Osasco,700000,10200,0.76,187,135,5,81,70,65,669,1,95.57142857142857,1.0,6.123233995736766e-17
2020,4,Osasco,700000,10200,0.76,204,155,5,85,82,77,733,2,104.71428571428572,0.8660254037844387,-0.4999999999999998
2020,5,Osasco,700000,10200,0.76,238,161,5,97,81,53,776,2,110.85714285714286,0.49999999999999994,-0.8660254037844387
2020,6,Osasco,700000,10200,0.76,199,159,5,80,67,56,694,2,99.14285714285715,1.2246467991473532e-16,-1.0
2020,7,Osasco,700000,10200,0.76,196,167,5,81,80,56,720,3,102.85714285714286,-0.4999999999999997,-0.8660254037844388
2020,8,Osasco,700000,10200,0.76,201,164,4,71,77,60,683,3,97.57142857142857,-0.8660254037844384,-0.5000000000000004
2020,9,Osasco,700000,10200,0.76,179,137,3,80,54,56,589,3,84.14285714285714,-1.0,-1.8369701987210297e-16
2020,10,Osasco,700000,10200,0.76,213,141,5,87,61,55,700,4,100.0,-0.8660254037844386,0.5000000000000001
2020,11,Osasco,700000,10200,0.76,190,143,4,92,68,43,658,4,94.0,-0.5000000000000004,0.8660254037844384
2020,12,Osasco,700000,10200,0.76,152,119,3,69,58,31,526,4,75.14285714285714,-2.4492935982947064e-16,1.0
2021,1,Osasco,700000,10200,0.76,191,139,4,73,59,49,622,1,88.85714285714286,0.49999999999999994,0.8660254037844387
2021,2,Osasco,700000,10200,0.76,184,142,4,76,55,50,624,1,89.14285714285714,0.8660254037844386,0.5000000000000001
2021,3,Osasco,700000,10200,0.76,169,136,4,71,60,61,616,1,88.0,1.0,6.123233995736766e-17
2021,4,Osasco,700000,10200,0.76,225,154,5,79,87,68,748,2,106.85714285714285,0.8660254037844387,-0.4999999999999998
2021,5,Osasco,700000,10200,0.76,255,205,5,92,87,79,856,2,122.28571428571429,0.49999999999999994,-0.8660254037844387
2021,6,Osasco,700000,10200,0.76,212,178,5,93,78,72,775,2,110.71428571428571,1.2246467991473532e-16,-1.0
2021,7,Osasco,700000,10200,0.76,204,146,5,86,60,42,683,3,97.57142857142857,-0.4999999999999997,-0.8660254037844388
2021,8,Osasco,700000,10200,0.76,205,163,3,87,70,50,672,3,96.0,-0.8660254037844384,-0.5000000000000004
2021,9,Osasco,700000,10200,0.76,189,142,4,81,60,43,637,3,91.0,-1.0,-1.8369701987210297e-16
2021,10,Osasco,700000,10200,0.76,196,129,4,63,69,46,610,4,87.14285714285714,-0.8660254037844386,0.5000000000000001
2021,11,Osasco,700000,10200,0.76,177,136,4,63,42,50,569,4,81.28571428571428,-0.5000000000000004,0.8660254037844384
2021,12,Osasco,700000,10200,0.76,198,123,4,69,70,55,624,4,89.14285714285714,-2.4492935982947064e-16,1.0
2022,1,Osasco,700000,10200,0.76,169,130,3,70,59,44,565,1,80.71428571428572,0.49999999999999994,0.8660254037844387
2022,2,Osasco,700000,10200,0.76,183,120,4,79,75,48,613,1,87.57142857142858,0.8660254037844386,0.5000000000000001
2022,3,Osasco,700000,10200,0.76,163,161,4,76,75,54,631,1,90.14285714285715,1.0,6.123233995736766e-17
2022,4,Osasco,700000,10200,0.76,186,146,4,79,70,51,640,2,91.42857142857143,0.8660254037844387,-0.4999999999999998
2022,5,Osasco,700000,10200,0.76,205,150,5,77,72,59,711,2,101.57142857142858,0.49999999999999994,-0.8660254037844387
2022,6,Osasco,700000,10200,0.76,204,138,5,84,60,61,675,2,96.42857142857143,1.2246467991473532e-16,-1.0
2022,7,Osasco,700000,10200,0.76,253,182,5,83,86,56,786,3,112.28571428571429,-0.4999999999999997,-0.8660254037844388
2022,8,Osasco,700000,10200,0.76,198,141,4,77,65,54,656,3,93.71428571428571,-0.8660254037844384,-0.5000000000000004
2022,9,Osasco,700000,10200,0.76,212,152,4,79,71,50,677,3,96.71428571428572,-1.0,-1.8369701987210297e-16
2022,10,Osasco,700000,10200,0.76,188,133,4,90,55,39,613,4,87.57142857142858,-0.8660254037844386,0.5000000000000001
2022,11,Osasco,700000,10200,0.76,151,119,3,62,64,46,540,4,77.14285714285714,-0.5000000000000004,0.8660254037844384
2022,12,Osasco,700000,10200,0.76,149,104,3,48,45,47,486,4,69.42857142857142,-2.4492935982947064e-16,1.0
2023,1,Osasco,700000,10200,0.76,157,107,3,69,51,53,531,1,75.85714285714286,0.49999999999999994,0.8660254037844387
2023,2,Osasco,700000,10200,0.76,178,127,3,63,63,41,562,1,80.28571428571428,0.8660254037844386,0.5000000000000001
2023,3,Osasco,700000,10200,0.76,182,128,4,72,61,44,602,1,86.0,1.0,6.123233995736766e-17
2023,4,Osasco,700000,10200,0.76,196,122,3,70,65,57,603,2,86.14285714285715,0.8660254037844387,-0.4999999999999998
2023,5,Osasco,700000,10200,0.76,227,143,4,82,68,59,695,2,99.28571428571428,0.49999999999999994,-0.8660254037844387
2023,6,Osasco,700000,10200,0.76,200,194,5,98,72,63,776,2,110.85714285714286,1.2246467991473532e-16,-1.0
2023,7,Osasco,700000,10200,0.76,257,176,4,79,85,73,786,3,112.28571428571429,-0.4999999999999997,-0.8660254037844388
2023,8,Osasco,700000,10200,0.76,196,123,3,81,58,48,600,3,85.71428571428571,-0.8660254037844384,-0.5000000000000004
2023,9,Osasco,700000,10200,0.76,147,133,4,74,57,51,565,3,80.71428571428572,-1.0,-1.8369701987210297e-16
2023,10,Osasco,700000,10200,0.76,172,126,3,72,77,53,581,4,83.0,-0.8660254037844386,0.5000000000000001
2023,11,Osasco,700000,10200,0.76,145,124,3,66,44,46,509,4,72.71428571428572,-0.5000000000000004,0.8660254037844384
2023,12,Osasco,700000,10200,0.76,169,134,4,67,50,47,568,4,81.14285714285714,-2.4492935982947064e-16,1.0
2018,1,São Bernardo,840000,2900,0.8,150,113,3,79,51,45,528,1,62.857142857142854,0.49999999999999994,0.8660254037844387
2018,2,São Bernardo,840000,2900,0.8,186,122,4,66,42,40,570,1,67.85714285714286,0.8660254037844386,0.5000000000000001
2018,3,São Bernardo,840000,2900,0.8,243,168,5,88,59,61,749,1,89.16666666666667,1.0,6.123233995736766e-17
2018,4,São Bernardo,840000,2900,0.8,190,133,4,72,46,52,604,2,71.9047619047619,0.8660254037844387,-0.4999999999999998
2018,5,São Bernardo,840000,2900,0.8,204,150,4,86,59,62,683,2,81.30952380952381,0.49999999999999994,-0.8660254037844387
2018,6,São Bernardo,840000,2900,0.8,225,180,6,88,63,55,767,2,91.30952380952381,1.2246467991473532e-16,-1.0
2018,7,São Bernardo,840000,2900,0.8,206,146,5,75,65,69,699,3,83.21428571428571,-0.4999999999999997,-0.8660254037844388
2018,8,São Bernardo,840000,2900,0.8,204,115,3,61,67,46,591,3,70.35714285714286,-0.8660254037844384,-0.5000000000000004
2018,9,São Bernardo,840000,2900,0.8,156,129,4,58,53,53,550,3,65.47619047619047,-1.0,-1.8369701987210297e-16
2018,10,São Bernardo,840000,2900,0.8,180,141,5,72,51,47,634,4,75.47619047619048,-0.8660254037844386,0.5000000000000001
2018,11,São Bernardo,840000,2900,0.8,173,124,3,60,54,43,539,4,64.16666666666667,-0.5000000000000004,0.8660254037844384
2018,12,São Bernardo,840000,2900,0.8,149,98,4,58,67,33,507,4,60.357142857142854,-2.4492935982947064e-16,1.0
2019,1,São Bernardo,840000,2900,0.8,149,98,3,61,40,52,476,1,56.66666666666667,0.49999999999999994,0.8660254037844387
2019,2,São Bernardo,840000,2900,0.8,146,123,4,58,59,39,528,1,62.857142857142854,0.8660254037844386,0.5000000000000001
2019,3,São Bernardo,840000,2900,0.8,195,125,4,58,58,50,607,1,72.26190476190476,1.0,6.123233995736766e-17
2019,4,São Bernardo,840000,2900,0.8,165,110,3,61,58,40,522,2,62.14285714285714,0.8660254037844387,-0.4999999999999998
2019,5,São Bernardo,840000,2900,0.8,217,145,5,98,89,63,745,2,88.69047619047619,0.49999999999999994,-0.8660254037844387
2019,6,São Bernardo,840000,2900,0.8,191,135,4,82,51,51,624,2,74.28571428571429,1.2246467991473532e-16,-1.0
2019,7,São Bernardo,840000,2900,0.8,208,158,5,72,78,39,686,3,81.66666666666667,-0.4999999999999997,-0.8660254037844388
2019,8,São Bernardo,840000,2900,0.8,185,146,3,71,66,42,609,3,72.5,-0.8660254037844384,-0.5000000000000004
2019,9,São Bernardo,840000,2900,0.8,162,125,4,74,63,38,567,3,67.5,-1.0,-1.8369701987210297e-16
2019,10,São Bernardo,840000,2900,0.8,165,141,4,74,68,44,592,4,70.47619047619048,-0.8660254037844386,0.5000000000000001
2019,11,São Bernardo,840000,2900,0.8,161,117,3,59,43,47,518,4,61.666666666666664,-0.5000000000000004,0.8660254037844384
2019,12,São Bernardo,840000,2900,0.8,169,131,3,65,52,42,556,4,66.19047619047619,-2.4492935982947064e-16,1.0
2020,1,São Bernardo,840000,2900,0.8,149,112,3,56,51,41,500,1,59.52380952380953,0.49999999999999994,0.8660254037844387
2020,2,São Bernardo,840000,2900,0.8,164,107,4,64,70,43,555,1,66.07142857142857,0.8660254037844386,0.5000000000000001
2020,3,São Bernardo,840000,2900,0.8,187,164,3,69,54,63,631,1,75.11904761904762,1.0,6.123233995736766e-17
2020,4,São Bernardo,840000,2900,0.8,207,138,4,91,67,49,654,2,77.85714285714286,0.8660254037844387,-0.4999999999999998
2020,5,São Bernardo,840000,2900,0.8,156,123,4,69,52,38,538,2,64.04761904761905,0.49999999999999994,-0.8660254037844387
2020,6,São Bernardo,840000,2900,0.8,214,146,4,93,71,53,687,2,81.78571428571429,1.2246467991473532e-16,-1.0
2020,7,São Bernardo,840000,2900,0.8,172,153,4,75,72,58,643,3,76.54761904761905,-0.4999999999999997,-0.8660254037844388
2020,8,São Bernardo,840000,2900,0.8,177,167,4,62,52,49,630,3,75.0,-0.8660254037844384,-0.5000000000000004
2020,9,São Bernardo,840000,2900,0.8,177,110,3,64,57,50,554,3,65.95238095238095,-1.0,-1.8369701987210297e-16
2020,10,São Bernardo,840000,2900,0.8,158,107,3,63,47,48,504,4,59.99999999999999,-0.8660254037844386,0.5000000000000001
2020,11,São Bernardo,840000,2900,0.8,147,98,4,78,50,56,531,4,63.214285714285715,-0.5000000000000004,0.8660254037844384
2020,12,São Bernardo,840000,2900,0.8,140,110,3,49,54,38,472,4,56.1904761904762,-2.4492935982947064e-16,1.0
2021,1,São Bernardo,840000,2900,0.8,169,120,4,68,32,52,543,1,64.64285714285714,0.49999999999999994,0.8660254037844387
2021,2,São Bernardo,840000,2900,0.8,145,121,3,62,52,57,529,1,62.976190476190474,0.8660254037844386,0.5000000000000001
2021,3,São Bernardo,840000,2900,0.8,154,112,3,54,38,41,497,1,59.166666666666664,1.0,6.123233995736766e-17
2021,4,São Bernardo,840000,2900,0.8,173,149,4,77,51,41,600,2,71.42857142857143,0.8660254037844387,-0.4999999999999998
2021,5,São Bernardo,840000,2900,0.8,211,147,4,88,66,39,666,2,79.28571428571429,0.49999999999999994,-0.8660254037844387
2021,6,São Bernardo,840000,2900,0.8,208,165,5,123,69,54,751,2,89.40476190476191,1.2246467991473532e-16,-1.0
2021,7,São Bernardo,840000,2900,0.8,201,153,5,88,82,58,713,3,84.88095238095238,-0.4999999999999997,-0.8660254037844388
2021,8,São Bernardo,840000,2900,0.8,179,144,4,63,58,61,619,3,73.69047619047619,-0.8660254037844384,-0.5000000000000004
2021,9,São Bernardo,840000,2900,0.8,158,115,4,56,62,42,534,3,63.57142857142857,-1.0,-1.8369701987210297e-16
2021,10,São Bernardo,840000,2900,0.8,174,115,3,75,63,47,562,4,66.9047619047619,-0.8660254037844386,0.5000000000000001
2021,11,São Bernardo,840000,2900,0.8,128,92,2,52,57,41,441,4,52.5,-0.5000000000000004,0.8660254037844384
2021,12,São Bernardo,840000,2900,0.8,147,114,3,59,40,41,489,4,58.214285714285715,-2.4492935982947064e-16,1.0
2022,1,São Bernardo,840000,2900,0.8,201,125,4,63,58,37,586,1,69.76190476190476,0.49999999999999994,0.8660254037844387
2022,2,São Bernardo,840000,2900,0.8,168,110,4,51,61,48,540,1,64.28571428571428,0.8660254037844386,0.5000000000000001
2022,3,São Bernardo,840000,2900,0.8,171,122,3,65,54,41,540,1,64.28571428571428,1.0,6.123233995736766e-17
2022,4,São Bernardo,840000,2900,0.8,173,109,4,63,48,41,542,2,64.52380952380952,0.8660254037844387,-0.4999999999999998
2022,5,São Bernardo,840000,2900,0.8,177,142,3,62,58,38,573,2,68.21428571428572,0.49999999999999994,-0.8660254037844387
2022,6,São Bernardo,840000,2900,0.8,199,138,5,89,61,54,672,2,80.0,1.2246467991473532e-16,-1.0
2022,7,São Bernardo,840000,2900,0.8,187,111,3,61,54,37,529,3,62.976190476190474,-0.4999999999999997,-0.8660254037844388
2022,8,São Bernardo,840000,2900,0.8,220,133,5,74,68,51,671,3,79.88095238095238,-0.8660254037844384,-0.5000000000000004
2022,9,São Bernardo,840000,2900,0.8,154,116,3,65,46,51,528,3,62.857142857142854,-1.0,-1.8369701987210297e-16
2022,10,São Bernardo,840000,2900,0.8,179,103,3,76,72,36,557,4,66.30952380952381,-0.8660254037844386,0.5000000000000001
2022,11,São Bernardo,840000,2900,0.8,138,97,4,38,44,20,438,4,52.142857142857146,-0.5000000000000004,0.8660254037844384
2022,12,São Bernardo,840000,2900,0.8,144,105,4,64,57,39,524,4,62.38095238095238,-2.4492935982947064e-16,1.0
2023,1,São Bernardo,840000,2900,0.8,129,107,3,60,63,36,484,1,57.61904761904762,0.49999999999999994,0.8660254037844387
2023,2,São Bernardo,840000,2900,0.8,184,136,4,83,56,43,607,1,72.26190476190476,0.8660254037844386,0.5000000000000001
2023,3,São Bernardo,840000,2900,0.8,170,133,4,69,61,43,600,1,71.42857142857143,1.0,6.123233995736766e-17
2023,4,São Bernardo,840000,2900,0.8,163,154,5,71,61,63,637,2,75.83333333333333,0.8660254037844387,-0.4999999999999998
2023,5,São Bernardo,840000,2900,0.8,214,158,4,100,64,54,704,2,83.80952380952381,0.49999999999999994,-0.8660254037844387
2023,6,São Bernardo,840000,2900,0.8,209,133,6,97,70,55,717,2,85.35714285714286,1.2246467991473532e-16,-1.0
2023,7,São Bernardo,840000,2900,0.8,204,145,4,76,66,47,639,3,76.07142857142857,-0.4999999999999997,-0.8660254037844388
2023,8,São Bernardo,840000,2900,0.8,186,154,4,67,60,65,643,3,76.54761904761905,-0.8660254037844384,-0.5000000000000004
2023,9,São Bernardo,840000,2900,0.8,145,116,3,62,37,30,485,3,57.738095238095234,-1.0,-1.8369701987210297e-16
2023,10,São Bernardo,840000,2900,0.8,155,117,4,65,51,42,532,4,63.33333333333333,-0.8660254037844386,0.5000000000000001
2023,11,São Bernardo,840000,2900,0.8,129,98,3,53,63,42,471,4,56.07142857142857,-0.5000000000000004,0.8660254037844384
2023,12,São Bernardo,840000,2900,0.8,154,96,3,57,48,31,464,4,55.23809523809524,-2.4492935982947064e-16,1.0
2018,1,Mauá,480000,3600,0.74,115,97,2,54,27,27,389,1,81.04166666666666,0.49999999999999994,0.8660254037844387
2018,2,Mauá,480000,3600,0.74,156,98,3,51,42,28,468,1,97.5,0.8660254037844386,0.5000000000000001
2018,3,Mauá,480000,3600,0.74,151,117,3,46,46,38,495,1,103.125,1.0,6.123233995736766e-17
2018,4,Mauá,480000,3600,0.74,170,112,3,63,71,34,537,2,111.875,0.8660254037844387,-0.4999999999999998
2018,5,Mauá,480000,3600,0.74,181,126,4,76,61,36,593,2,123.54166666666666,0.49999999999999994,-0.8660254037844387
2018,6,Mauá,480000,3600,0.74,144,105,2,75,44,34,468,2,97.5,1.2246467991473532e-16,-1.0
2018,7,Mauá,480000,3600,0.74,189,125,4,82,58,53,627,3,130.625,-0.4999999999999997,-0.8660254037844388
2018,8,Mauá,480000,3600,0.74,169,129,4,50,52,41,542,3,112.91666666666667,-0.8660254037844384,-0.5000000000000004
2018,9,Mauá,480000,3600,0.74,151,118,4,73,48,37,528,3,110.0,-1.0,-1.8369701987210297e-16
2018,10,Mauá,480000,3600,0.74,142,96,3,45,57,32,466,4,97.08333333333333,-0.8660254037844386,0.5000000000000001
2018,11,Mauá,480000,3600,0.74,119,114,3,45,48,28,431,4,89.79166666666667,-0.5000000000000004,0.8660254037844384
2018,12,Mauá,480000,3600,0.74,127,77,3,50,36,47,420,4,87.5,-2.4492935982947064e-16,1.0
2019,1,Mauá,480000,3600,0.74,108,94,3,44,37,34,400,1,83.33333333333334,0.49999999999999994,0.8660254037844387
2019,2,Mauá,480000,3600,0.74,134,85,4,64,45,36,465,1,96.875,0.8660254037844386,0.5000000000000001
2019,3,Mauá,480000,3600,0.74,120,93,3,50,40,39,426,1,88.75,1.0,6.123233995736766e-17
2019,4,Mauá,480000,3600,0.74,145,107,3,60,47,32,474,2,98.75000000000001,0.8660254037844387,-0.4999999999999998
2019,5,Mauá,480000,3600,0.74,143,128,3,53,60,47,524,2,109.16666666666666,0.49999999999999994,-0.8660254037844387
2019,6,Mauá,480000,3600,0.74,151,114,3,63,45,43,507,2,105.62499999999999,1.2246467991473532e-16,-1.0
2019,7,Mauá,480000,3600,0.74,177,118,4,75,70,38,587,3,122.29166666666666,-0.4999999999999997,-0.8660254037844388
2019,8,Mauá,480000,3600,0.74,150,115,3,48,38,39,466,3,97.08333333333333,-0.8660254037844384,-0.5000000000000004
2019,9,Mauá,480000,3600,0.74,158,98,3,51,42,46,484,3,100.83333333333333,-1.0,-1.8369701987210297e-16
2019,10,Mauá,480000,3600,0.74,141,108,3,52,39,41,466,4,97.08333333333333,-0.8660254037844386,0.5000000000000001
2019,11,Mauá,480000,3600,0.74,131,94,3,43,53,33,431,4,89.79166666666667,-0.5000000000000004,0.8660254037844384
2019,12,Mauá,480000,3600,0.74,103,81,2,34,33,26,344,4,71.66666666666667,-2.4492935982947064e-16,1.0
2020,1,Mauá,480000,3600,0.74,125,103,2,46,35,41,415,1,86.45833333333333,0.49999999999999994,0.8660254037844387
2020,2,Mauá,480000,3600,0.74,112,88,3,48,38,27,394,1,82.08333333333333,0.8660254037844386,0.5000000000000001
2020,3,Mauá,480000,3600,0.74,157,106,3,63,54,32,499,1,103.95833333333333,1.0,6.123233995736766e-17
2020,4,Mauá,480000,3600,0.74,133,104,3,52,49,42,457,2,95.20833333333333,0.8660254037844387,-0.4999999999999998
2020,5,Mauá,480000,3600,0.74,157,107,4,79,40,49,535,2,111.45833333333333,0.49999999999999994,-0.8660254037844387
2020,6,Mauá,480000,3600,0.74,172,113,4,66,53,43,565,2,117.70833333333334,1.2246467991473532e-16,-1.0
2020,7,Mauá,480000,3600,0.74,151,111,4,62,53,42,521,3,108.54166666666666,-0.4999999999999997,-0.8660254037844388
2020,8,Mauá,480000,3600,0.74,133,78,2,44,44,36,404,3,84.16666666666667,-0.8660254037844384,-0.5000000000000004
2020,9,Mauá,480000,3600,0.74,147,96,3,48,41,52,469,3,97.70833333333333,-1.0,-1.8369701987210297e-16
2020,10,Mauá,480000,3600,0.74,157,105,3,51,43,41,486,4,101.25,-0.8660254037844386,0.5000000000000001
2020,11,Mauá,480000,3600,0.74,101,68,2,43,27,21,334,4,69.58333333333333,-0.5000000000000004,0.8660254037844384
2020,12,Mauá,480000,3600,0.74,124,85,2,40,33,25,379,4,78.95833333333333,-2.4492935982947064e-16,1.0
2021,1,Mauá,480000,3600,0.74,131,80,2,66,52,29,431,1,89.79166666666667,0.49999999999999994,0.8660254037844387
2021,2,Mauá,480000,3600,0.74,121,76,3,48,37,27,385,1,80.20833333333334,0.8660254037844386,0.5000000000000001
2021,3,Mauá,480000,3600,0.74,116,103,3,56,41,39,430,1,89.58333333333333,1.0,6.123233995736766e-17
2021,4,Mauá,480000,3600,0.74,141,90,3,46,43,30,429,2,89.375,0.8660254037844387,-0.4999999999999998
2021,5,Mauá,480000,3600,0.74,161,125,3,63,42,37,521,2,108.54166666666666,0.49999999999999994,-0.8660254037844387
2021,6,Mauá,480000,3600,0.74,161,108,3,69,35,30,488,2,101.66666666666666,1.2246467991473532e-16,-1.0
2021,7,Mauá,480000,3600,0.74,159,109,3,59,53,43,519,3,108.125,-0.4999999999999997,-0.8660254037844388
2021,8,Mauá,480000,3600,0.74,160,112,4,62,64,37,535,3,111.45833333333333,-0.8660254037844384,-0.5000000000000004
2021,9,Mauá,480000,3600,0.74,131,101,2,48,37,40,419,3,87.29166666666667,-1.0,-1.8369701987210297e-16
2021,10,Mauá,480000,3600,0.74,115,86,2,31,42,36,366,4,76.25,-0.8660254037844386,0.5000000000000001
2021,11,Mauá,480000,3600,0.74,108,76,2,41,35,21,345,4,71.875,-0.5000000000000004,0.8660254037844384
2021,12,Mauá,480000,3600,0.74,107,88,2,47,47,24,383,4,79.79166666666667,-2.4492935982947064e-16,1.0
2022,1,Mauá,480000,3600,0.74,128,77,3,51,42,29,411,1,85.625,0.49999999999999994,0.8660254037844387
2022,2,Mauá,480000,3600,0.74,107,97,1,53,41,26,371,1,77.29166666666667,0.8660254037844386,0.5000000000000001
2022,3,Mauá,480000,3600,0.74,152,96,3,73,38,40,489,1,101.87499999999999,1.0,6.123233995736766e-17
2022,4,Mauá,480000,3600,0.74,135,99,3,52,35,41,460,2,95.83333333333333,0.8660254037844387,-0.4999999999999998
2022,5,Mauá,480000,3600,0.74,136,122,3,55,44,35,484,2,100.83333333333333,0.49999999999999994,-0.8660254037844387
2022,6,Mauá,480000,3600,0.74,153,111,3,51,56,42,496,2,103.33333333333334,1.2246467991473532e-16,-1.0
2022,7,Mauá,480000,3600,0.74,147,113,3,54,64,39,512,3,106.66666666666667,-0.4999999999999997,-0.8660254037844388
2022,8,Mauá,480000,3600,0.74,156,94,3,54,54,38,485,3,101.04166666666666,-0.8660254037844384,-0.5000000000000004
2022,9,Mauá,480000,3600,0.74,137,86,3,50,35,38,421,3,87.70833333333333,-1.0,-1.8369701987210297e-16
2022,10,Mauá,480000,3600,0.74,111,75,2,52,37,38,380,4,79.16666666666667,-0.8660254037844386,0.5000000000000001
2022,11,Mauá,480000,3600,0.74,119,89,2,50,40,39,409,4,85.20833333333334,-0.5000000000000004,0.8660254037844384
2022,12,Mauá,480000,3600,0.74,121,77,2,50,44,31,378,4,78.75,-2.4492935982947064e-16,1.0
2023,1,Mauá,480000,3600,0.74,113,79,2,45,37,29,373,1,77.70833333333333,0.49999999999999994,0.8660254037844387
2023,2,Mauá,480000,3600,0.74,114,86,2,36,34,34,367,1,76.45833333333334,0.8660254037844386,0.5000000000000001
2023,3,Mauá,480000,3600,0.74,108,104,3,60,36,27,411,1,85.625,1.0,6.123233995736766e-17
2023,4,Mauá,480000,3600,0.74,126,94,3,76,53,46,478,2,99.58333333333334,0.8660254037844387,-0.4999999999999998
2023,5,Mauá,480000,3600,0.74,144,112,3,54,42,33,480,2,100.0,0.49999999999999994,-0.8660254037844387
2023,6,Mauá,480000,3600,0.74,156,113,3,55,62,41,502,2,104.58333333333333,1.2246467991473532e-16,-1.0
2023,7,Mauá,480000,3600,0.74,139,108,3,55,56,47,499,3,103.95833333333333,-0.4999999999999997,-0.8660254037844388
2023,8,Mauá,480000,3600,0.74,150,97,3,65,51,47,492,3,102.50000000000001,-0.8660254037844384,-0.5000000000000004
2023,9,Mauá,480000,3600,0.74,105,78,2,44,31,27,338,3,70.41666666666666,-1.0,-1.8369701987210297e-16
2023,10,Mauá,480000,3600,0.74,108,74,2,38,44,30,361,4,75.20833333333333,-0.8660254037844386,0.5000000000000001
2023,11,Mauá,480000,3600,0.74,110,80,2,45,26,34,356,4,74.16666666666666,-0.5000000000000004,0.8660254037844384
2023,12,Mauá,480000,3600,0.74,122,94,3,47,42,27,415,4,86.45833333333333,-2.4492935982947064e-16,1.0
2018,1,Diadema,420000,13000,0.75,128,82,3,48,41,38,419,1,99.76190476190476,0.49999999999999994,0.8660254037844387
2018,2,Diadema,420000,13000,0.75,152,100,3,51,46,34,479,1,114.04761904761905,0.8660254037844386,0.5000000000000001
2018,3,Diadema,420000,13000,0.75,166,122,3,69,61,38,552,1,131.42857142857142,1.0,6.123233995736766e-17
2018,4,Diadema,420000,13000,0.75,175,111,3,69,61,47,555,2,132.14285714285714,0.8660254037844387,-0.4999999999999998
2018,5,Diadema,420000,13000,0.75,180,122,4,62,59,52,585,2,139.2857142857143,0.49999999999999994,-0.8660254037844387
2018,6,Diadema,420000,13000,0.75,156,107,3,41,60,42,494,2,117.61904761904763,1.2246467991473532e-16,-1.0
2018,7,Diadema,420000,13000,0.75,150,135,4,73,56,54,574,3,136.66666666666666,-0.4999999999999997,-0.8660254037844388
2018,8,Diadema,420000,13000,0.75,163,134,4,68,59,40,575,3,136.90476190476193,-0.8660254037844384,-0.5000000000000004
2018,9,Diadema,420000,13000,0.75,181,129,4,75,61,46,594,3,141.42857142857142,-1.0,-1.8369701987210297e-16
2018,10,Diadema,420000,13000,0.75,146,109,3,51,48,47,495,4,117.85714285714286,-0.8660254037844386,0.5000000000000001
2018,11,Diadema,420000,13000,0.75,131,108,3,73,49,33,475,4,113.09523809523809,-0.5000000000000004,0.8660254037844384
2018,12,Diadema,420000,13000,0.75,138,100,2,43,39,44,436,4,103.80952380952381,-2.4492935982947064e-16,1.0
2019,1,Diadema,420000,13000,0.75,108,92,2,41,40,30,374,1,89.04761904761905,0.49999999999999994,0.8660254037844387
2019,2,Diadema,420000,13000,0.75,119,90,3,56,25,40,415,1,98.8095238095238,0.8660254037844386,0.5000000000000001
2019,3,Diadema,420000,13000,0.75,182,92,5,46,51,44,544,1,129.52380952380952,1.0,6.123233995736766e-17
2019,4,Diadema,420000,13000,0.75,164,109,3,50,52,36,505,2,120.23809523809524,0.8660254037844387,-0.4999999999999998
2019,5,Diadema,420000,13000,0.75,159,117,3,57,74,48,552,2,131.42857142857142,0.49999999999999994,-0.8660254037844387
2019,6,Diadema,420000,13000,0.75,167,114,3,50,48,54,514,2,122.38095238095237,1.2246467991473532e-16,-1.0
2019,7,Diadema,420000,13000,0.75,174,115,4,62,56,41,553,3,131.66666666666669,-0.4999999999999997,-0.8660254037844388
2019,8,Diadema,420000,13000,0.75,197,112,4,68,65,54,596,3,141.9047619047619,-0.8660254037844384,-0.5000000000000004
2019,9,Diadema,420000,13000,0.75,177,98,3,59,38,45,492,3,117.14285714285715,-1.0,-1.8369701987210297e-16
2019,10,Diadema,420000,13000,0.75,130,105,3,52,48,38,454,4,108.0952380952381,-0.8660254037844386,0.5000000000000001
2019,11,Diadema,420000,13000,0.75,105,101,3,51,42,38,427,4,101.66666666666666,-0.5000000000000004,0.8660254037844384
2019,12,Diadema,420000,13000,0.75,148,114,3,55,59,47,508,4,120.95238095238095,-2.4492935982947064e-16,1.0
2020,1,Diadema,420000,13000,0.75,116,86,2,46,31,25,368,1,87.61904761904762,0.49999999999999994,0.8660254037844387
2020,2,Diadema,420000,13000,0.75,133,97,3,54,33,24,423,1,100.71428571428571,0.8660254037844386,0.5000000000000001
2020,3,Diadema,420000,13000,0.75,127,115,3,57,42,41,477,1,113.57142857142857,1.0,6.123233995736766e-17
2020,4,Diadema,420000,13000,0.75,161,117,3,64,52,39,519,2,123.57142857142857,0.8660254037844387,-0.4999999999999998
2020,5,Diadema,420000,13000,0.75,191,137,3,56,57,64,601,2,143.0952380952381,0.49999999999999994,-0.8660254037844387
2020,6,Diadema,420000,13000,0.75,190,138,3,70,72,44,610,2,145.23809523809524,1.2246467991473532e-16,-1.0
2020,7,Diadema,420000,13000,0.75,154,137,4,59,58,46,556,3,132.38095238095238,-0.4999999999999997,-0.8660254037844388
2020,8,Diadema,420000,13000,0.75,161,124,3,71,44,45,525,3,125.0,-0.8660254037844384,-0.5000000000000004
2020,9,Diadema,420000,13000,0.75,160,106,3,69,47,38,515,3,122.61904761904762,-1.0,-1.8369701987210297e-16
2020,10,Diadema,420000,13000,0.75,150,107,3,67,49,24,489,4,116.42857142857143,-0.8660254037844386,0.5000000000000001
2020,11,Diadema,420000,13000,0.75,135,96,3,55,39,38,438,4,104.28571428571429,-0.5000000000000004,0.8660254037844384
2020,12,Diadema,420000,13000,0.75,110,88,2,59,31,32,374,4,89.04761904761905,-2.4492935982947064e-16,1.0
2021,1,Diadema,420000,13000,0.75,115,66,2,46,37,24,358,1,85.23809523809523,0.49999999999999994,0.8660254037844387
2021,2,Diadema,420000,13000,0.75,141,87,4,57,69,37,493,1,117.38095238095238,0.8660254037844386,0.5000000000000001
2021,3,Diadema,420000,13000,0.75,136,99,3,64,35,38,465,1,110.71428571428571,1.0,6.123233995736766e-17
2021,4,Diadema,420000,13000,0.75,142,133,2,71,38,37,488,2,116.1904761904762,0.8660254037844387,-0.4999999999999998
2021,5,Diadema,420000,13000,0.75,147,117,3,70,66,45,541,2,128.80952380952382,0.49999999999999994,-0.8660254037844387
2021,6,Diadema,420000,13000,0.75,155,106,3,65,52,37,502,2,119.52380952380952,1.2246467991473532e-16,-1.0
2021,7,Diadema,420000,13000,0.75,186,131,4,63,60,48,595,3,141.66666666666669,-0.4999999999999997,-0.8660254037844388
2021,8,Diadema,420000,13000,0.75,156,123,3,53,51,37,509,3,121.19047619047619,-0.8660254037844384,-0.5000000000000004
2021,9,Diadema,420000,13000,0.75,154,117,3,75,50,53,537,3,127.85714285714286,-1.0,-1.8369701987210297e-16
2021,10,Diadema,420000,13000,0.75,131,86,3,58,28,32,416,4,99.04761904761905,-0.8660254037844386,0.5000000000000001
2021,11,Diadema,420000,13000,0.75,137,90,3,58,49,41,460,4,109.52380952380953,-0.5000000000000004,0.8660254037844384
2021,12,Diadema,420000,13000,0.75,137,95,3,63,34,39,447,4,106.42857142857142,-2.4492935982947064e-16,1.0
2022,1,Diadema,420000,13000,0.75,120,93,3,40,46,31,407,1,96.90476190476191,0.49999999999999994,0.8660254037844387
2022,2,Diadema,420000,13000,0.75,142,98,2,47,34,35,424,1,100.95238095238095,0.8660254037844386,0.5000000000000001
2022,3,Diadema,420000,13000,0.75,138,111,3,51,46,46,488,1,116.1904761904762,1.0,6.123233995736766e-17
2022,4,Diadema,420000,13000,0.75,182,128,3,66,56,38,558,2,132.85714285714286,0.8660254037844387,-0.4999999999999998
2022,5,Diadema,420000,13000,0.75,154,115,3,59,66,43,532,2,126.66666666666666,0.49999999999999994,-0.8660254037844387
2022,6,Diadema,420000,13000,0.75,172,130,4,68,52,48,577,2,137.38095238095238,1.2246467991473532e-16,-1.0
2022,7,Diadema,420000,13000,0.75,185,117,4,76,58,45,589,3,140.23809523809524,-0.4999999999999997,-0.8660254037844388
2022,8,Diadema,420000,13000,0.75,163,95,3,67,59,33,502,3,119.52380952380952,-0.8660254037844384,-0.5000000000000004
2022,9,Diadema,420000,13000,0.75,132,85,3,47,45,37,430,3,102.38095238095238,-1.0,-1.8369701987210297e-16
2022,10,Diadema,420000,13000,0.75,130,89,3,42,54,26,422,4,100.47619047619048,-0.8660254037844386,0.5000000000000001
2022,11,Diadema,420000,13000,0.75,141,98,2,51,39,33,432,4,102.85714285714286,-0.5000000000000004,0.8660254037844384
2022,12,Diadema,420000,13000,0.75,136,108,3,46,48,39,464,4,110.47619047619048,-2.4492935982947064e-16,1.0
2023,1,Diadema,420000,13000,0.75,119,75,2,52,25,27,372,1,88.57142857142857,0.49999999999999994,0.8660254037844387
2023,2,Diadema,420000,13000,0.75,129,108,4,39,46,37,462,1,110.0,0.8660254037844386,0.5000000000000001
2023,3,Diadema,420000,13000,0.75,144,98,3,58,34,39,466,1,110.95238095238096,1.0,6.123233995736766e-17
2023,4,Diadema,420000,13000,0.75,167,99,4,65,54,53,539,2,128.33333333333334,0.8660254037844387,-0.4999999999999998
2023,5,Diadema,420000,13000,0.75,173,118,4,70,61,45,575,2,136.90476190476193,0.49999999999999994,-0.8660254037844387
2023,6,Diadema,420000,13000,0.75,174,115,4,66,47,49,562,2,133.8095238095238,1.2246467991473532e-16,-1.0
2023,7,Diadema,420000,13000,0.75,161,99,4,80,53,38,537,3,127.85714285714286,-0.4999999999999997,-0.8660254037844388
2023,8,Diadema,420000,13000,0.75,157,99,3,61,46,37,493,3,117.38095238095238,-0.8660254037844384,-0.5000000000000004
2023,9,Diadema,420000,13000,0.75,120,98,3,52,45,28,423,3,100.71428571428571,-1.0,-1.8369701987210297e-16
2023,10,Diadema,420000,13000,0.75,145,96,3,51,43,33,452,4,107.61904761904762,-0.8660254037844386,0.5000000000000001
2023,11,Diadema,420000,13000,0.75,121,87,3,42,53,35,427,4,101.66666666666666,-0.5000000000000004,0.8660254037844384
2023,12,Diadema,420000,13000,0.75,120,94,3,38,25,27,387,4,92.14285714285714,-2.4492935982947064e-16,1.0
2018,1,Carapicuíba,390000,11500,0.73,134,83,2,43,43,37,401,1,102.82051282051283,0.49999999999999994,0.8660254037844387
2018,2,Carapicuíba,390000,11500,0.73,131,108,3,79,41,38,495,1,126.92307692307692,0.8660254037844386,0.5000000000000001
2018,3,Carapicuíba,390000,11500,0.73,130,124,4,52,53,44,505,1,129.48717948717947,1.0,6.123233995736766e-17
2018,4,Carapicuíba,390000,11500,0.73,174,113,3,71,44,58,537,2,137.6923076923077,0.8660254037844387,-0.4999999999999998
2018,5,Carapicuíba,390000,11500,0.73,203,116,4,83,49,47,615,2,157.69230769230768,0.49999999999999994,-0.8660254037844387
2018,6,Carapicuíba,390000,11500,0.73,180,125,3,64,56,29,551,2,141.28205128205127,1.2246467991473532e-16,-1.0
2018,7,Carapicuíba,390000,11500,0.73,192,117,4,66,59,40,578,3,148.2051282051282,-0.4999999999999997,-0.8660254037844388
2018,8,Carapicuíba,390000,11500,0.73,168,109,3,69,55,39,539,3,138.2051282051282,-0.8660254037844384,-0.5000000000000004
2018,9,Carapicuíba,390000,11500,0.73,138,101,3,54,49,41,461,3,118.2051282051282,-1.0,-1.8369701987210297e-16
2018,10,Carapicuíba,390000,11500,0.73,111,88,2,46,43,35,382,4,97.94871794871794,-0.8660254037844386,0.5000000000000001
2018,11,Carapicuíba,390000,11500,0.73,111,72,2,30,27,17,319,4,81.7948717948718,-0.5000000000000004,0.8660254037844384
2018,12,Carapicuíba,390000,11500,0.73,118,104,3,50,58,38,443,4,113.58974358974359,-2.4492935982947064e-16,1.0
2019,1,Carapicuíba,390000,11500,0.73,128,76,3,45,37,31,392,1,100.51282051282051,0.49999999999999994,0.8660254037844387
2019,2,Carapicuíba,390000,11500,0.73,151,94,3,56,38,40,462,1,118.46153846153847,0.8660254037844386,0.5000000000000001
2019,3,Carapicuíba,390000,11500,0.73,161,88,3,55,48,29,458,1,117.43589743589743,1.0,6.123233995736766e-17
2019,4,Carapicuíba,390000,11500,0.73,172,123,4,75,53,38,582,2,149.23076923076923,0.8660254037844387,-0.4999999999999998
2019,5,Carapicuíba,390000,11500,0.73,172,128,5,70,57,47,599,2,153.5897435897436,0.49999999999999994,-0.8660254037844387
2019,6,Carapicuíba,390000,11500,0.73,188,105,4,76,52,39,574,2,147.17948717948718,1.2246467991473532e-16,-1.0
2019,7,Carapicuíba,390000,11500,0.73,166,129,3,77,54,44,563,3,144.35897435897434,-0.4999999999999997,-0.8660254037844388
2019,8,Carapicuíba,390000,11500,0.73,164,108,3,62,47,32,507,3,130.0,-0.8660254037844384,-0.5000000000000004
2019,9,Carapicuíba,390000,11500,0.73,148,106,2,49,44,33,449,3,115.12820512820512,-1.0,-1.8369701987210297e-16
2019,10,Carapicuíba,390000,11500,0.73,98,89,2,42,41,20,344,4,88.2051282051282,-0.8660254037844386,0.5000000000000001
2019,11,Carapicuíba,390000,11500,0.73,120,96,3,52,47,38,431,4,110.51282051282051,-0.5000000000000004,0.8660254037844384
2019,12,Carapicuíba,390000,11500,0.73,117,87,3,36,35,24,382,4,97.94871794871794,-2.4492935982947064e-16,1.0
2020,1,Carapicuíba,390000,11500,0.73,127,91,3,48,41,29,420,1,107.6923076923077,0.49999999999999994,0.8660254037844387
2020,2,Carapicuíba,390000,11500,0.73,135,95,3,48,53,40,461,1,118.2051282051282,0.8660254037844386,0.5000000000000001
2020,3,Carapicuíba,390000,11500,0.73,157,136,4,81,41,45,567,1,145.3846153846154,1.0,6.123233995736766e-17
2020,4,Carapicuíba,390000,11500,0.73,165,103,3,67,52,34,513,2,131.53846153846155,0.8660254037844387,-0.4999999999999998
2020,5,Carapicuíba,390000,11500,0.73,162,101,3,67,49,35,496,2,127.17948717948718,0.49999999999999994,-0.8660254037844387
2020,6,Carapicuíba,390000,11500,0.73,159,125,5,65,53,53,581,2,148.97435897435898,1.2246467991473532e-16,-1.0
2020,7,Carapicuíba,390000,11500,0.73,142,125,4,63,49,39,518,3,132.82051282051282,-0.4999999999999997,-0.8660254037844388
2020,8,Carapicuíba,390000,11500,0.73,151,111,2,58,48,47,489,3,125.38461538461537,-0.8660254037844384,-0.5000000000000004
2020,9,Carapicuíba,390000,11500,0.73,114,72,3,48,47,21,390,3,100.0,-1.0,-1.8369701987210297e-16
2020,10,Carapicuíba,390000,11500,0.73,125,106,2,47,48,36,428,4,109.74358974358974,-0.8660254037844386,0.5000000000000001
2020,11,Carapicuíba,390000,11500,0.73,130,90,3,54,39,37,429,4,110.0,-0.5000000000000004,0.8660254037844384
2020,12,Carapicuíba,390000,11500,0.73,124,87,3,51,29,41,420,4,107.6923076923077,-2.4492935982947064e-16,1.0
2021,1,Carapicuíba,390000,11500,0.73,99,91,3,51,33,28,386,1,98.97435897435896,0.49999999999999994,0.8660254037844387
2021,2,Carapicuíba,390000,11500,0.73,123,75,2,37,34,18,356,1,91.28205128205128,0.8660254037844386,0.5000000000000001
2021,3,Carapicuíba,390000,11500,0.73,133,102,2,56,35,32,421,1,107.94871794871796,1.0,6.123233995736766e-17
2021,4,Carapicuíba,390000,11500,0.73,160,112,3,66,49,44,528,2,135.3846153846154,0.8660254037844387,-0.4999999999999998
2021,5,Carapicuíba,390000,11500,0.73,139,119,3,63,43,41,493,2,126.41025641025642,0.49999999999999994,-0.8660254037844387
2021,6,Carapicuíba,390000,11500,0.73,138,80,3,52,49,45,450,2,115.3846153846154,1.2246467991473532e-16,-1.0
2021,7,Carapicuíba,390000,11500,0.73,140,109,3,67,44,37,489,3,125.38461538461537,-0.4999999999999997,-0.8660254037844388
2021,8,Carapicuíba,390000,11500,0.73,137,103,3,61,47,38,467,3,119.74358974358975,-0.8660254037844384,-0.5000000000000004
2021,9,Carapicuíba,390000,11500,0.73,131,86,3,57,39,43,444,3,113.84615384615385,-1.0,-1.8369701987210297e-16
2021,10,Carapicuíba,390000,11500,0.73,117,97,3,43,44,36,412,4,105.64102564102564,-0.8660254037844386,0.5000000000000001
2021,11,Carapicuíba,390000,11500,0.73,135,70,2,49,46,33,402,4,103.07692307692307,-0.5000000000000004,0.8660254037844384
2021,12,Carapicuíba,390000,11500,0.73,126,88,2,43,31,32,386,4,98.97435897435896,-2.4492935982947064e-16,1.0
2022,1,Carapicuíba,390000,11500,0.73,147,99,2,55,45,38,452,1,115.8974358974359,0.49999999999999994,0.8660254037844387
2022,2,Carapicuíba,390000,11500,0.73,114,84,2,56,37,33,382,1,97.94871794871794,0.8660254037844386,0.5000000000000001
2022,3,Carapicuíba,390000,11500,0.73,160,96,3,72,58,39,511,1,131.02564102564102,1.0,6.123233995736766e-17
2022,4,Carapicuíba,390000,11500,0.73,132,87,3,56,45,49,458,2,117.43589743589743,0.8660254037844387,-0.4999999999999998
2022,5,Carapicuíba,390000,11500,0.73,142,113,3,56,53,27,473,2,121.2820512820513,0.49999999999999994,-0.8660254037844387
2022,6,Carapicuíba,390000,11500,0.73,135,131,3,65,52,42,517,2,132.56410256410257,1.2246467991473532e-16,-1.0
2022,7,Carapicuíba,390000,11500,0.73,151,98,4,62,48,32,494,3,126.66666666666666,-0.4999999999999997,-0.8660254037844388
2022,8,Carapicuíba,390000,11500,0.73,144,97,3,85,48,31,493,3,126.41025641025642,-0.8660254037844384,-0.5000000000000004
2022,9,Carapicuíba,390000,11500,0.73,137,101,3,67,36,42,464,3,118.97435897435898,-1.0,-1.8369701987210297e-16
2022,10,Carapicuíba,390000,11500,0.73,118,110,2,50,39,32,411,4,105.38461538461539,-0.8660254037844386,0.5000000000000001
2022,11,Carapicuíba,390000,11500,0.73,139,87,2,53,42,31,425,4,108.97435897435896,-0.5000000000000004,0.8660254037844384
2022,12,Carapicuíba,390000,11500,0.73,116,85,3,49,25,33,387,4,99.23076923076923,-2.4492935982947064e-16,1.0
2023,1,Carapicuíba,390000,11500,0.73,118,70,2,45,44,26,371,1,95.12820512820514,0.49999999999999994,0.8660254037844387
2023,2,Carapicuíba,390000,11500,0.73,136,92,3,55,45,31,435,1,111.53846153846153,0.8660254037844386,0.5000000000000001
2023,3,Carapicuíba,390000,11500,0.73,110,98,2,56,42,24,399,1,102.30769230769229,1.0,6.123233995736766e-17
2023,4,Carapicuíba,390000,11500,0.73,143,104,3,64,36,49,491,2,125.89743589743591,0.8660254037844387,-0.4999999999999998
2023,5,Carapicuíba,390000,11500,0.73,181,129,4,65,72,39,589,2,151.02564102564102,0.49999999999999994,-0.8660254037844387
2023,6,Carapicuíba,390000,11500,0.73,164,96,3,55,46,39,477,2,122.3076923076923,1.2246467991473532e-16,-1.0
2023,7,Carapicuíba,390000,11500,0.73,145,93,3,56,40,39,453,3,116.15384615384615,-0.4999999999999997,-0.8660254037844388
2023,8,Carapicuíba,390000,11500,0.73,156,96,3,44,45,50,472,3,121.02564102564102,-0.8660254037844384,-0.5000000000000004
2023,9,Carapicuíba,390000,11500,0.73,127,113,3,57,54,44,476,3,122.05128205128204,-1.0,-1.8369701987210297e-16
2023,10,Carapicuíba,390000,11500,0.73,125,105,3,44,48,37,442,4,113.33333333333334,-0.8660254037844386,0.5000000000000001
2023,11,Carapicuíba,390000,11500,0.73,118,94,3,45,37,30,402,4,103.07692307692307,-0.5000000000000004,0.8660254037844384
2023,12,Carapicuíba,390000,11500,0.73,105,79,2,40,34,26,334,4,85.64102564102564,-2.4492935982947064e-16,1.0
2018,1,Taboão da Serra,290000,10800,0.73,85,76,2,32,41,27,321,1,110.6896551724138,0.49999999999999994,0.8660254037844387
2018,2,Taboão da Serra,290000,10800,0.73,121,79,2,39,38,36,369,1,127.24137931034484,0.8660254037844386,0.5000000000000001
2018,3,Taboão da Serra,290000,10800,0.73,129,99,3,43,44,28,421,1,145.17241379310346,1.0,6.123233995736766e-17
2018,4,Taboão da Serra,290000,10800,0.73,131,71,2,47,36,33,384,2,132.41379310344828,0.8660254037844387,-0.4999999999999998
2018,5,Taboão da Serra,290000,10800,0.73,138,108,3,45,46,30,465,2,160.3448275862069,0.49999999999999994,-0.8660254037844387
2018,6,Taboão da Serra,290000,10800,0.73,114,106,2,41,35,33,394,2,135.86206896551724,1.2246467991473532e-16,-1.0
2018,7,Taboão da Serra,290000,10800,0.73,130,95,2,57,37,26,412,3,142.0689655172414,-0.4999999999999997,-0.8660254037844388
2018,8,Taboão da Serra,290000,10800,0.73,155,97,3,52,38,43,473,3,163.1034482758621,-0.8660254037844384,-0.5000000000000004
2018,9,Taboão da Serra,290000,10800,0.73,115,96,2,51,46,29,401,3,138.27586206896552,-1.0,-1.8369701987210297e-16
2018,10,Taboão da Serra,290000,10800,0.73,122,76,1,33,29,27,335,4,115.51724137931033,-0.8660254037844386,0.5000000000000001
2018,11,Taboão da Serra,290000,10800,0.73,72,61,1,35,28,23,263,4,90.6896551724138,-0.5000000000000004,0.8660254037844384
2018,12,Taboão da Serra,290000,10800,0.73,107,71,2,39,24,35,341,4,117.58620689655173,-2.4492935982947064e-16,1.0
2019,1,Taboão da Serra,290000,10800,0.73,101,62,1,33,32,11,281,1,96.89655172413794,0.49999999999999994,0.8660254037844387
2019,2,Taboão da Serra,290000,10800,0.73,105,64,2,55,37,32,353,1,121.72413793103448,0.8660254037844386,0.5000000000000001
2019,3,Taboão da Serra,290000,10800,0.73,90,76,2,40,28,25,320,1,110.3448275862069,1.0,6.123233995736766e-17
2019,4,Taboão da Serra,290000,10800,0.73,121,87,2,32,50,32,379,2,130.68965517241378,0.8660254037844387,-0.4999999999999998
2019,5,Taboão da Serra,290000,10800,0.73,118,90,3,39,45,35,402,2,138.6206896551724,0.49999999999999994,-0.8660254037844387
2019,6,Taboão da Serra,290000,10800,0.73,106,101,3,39,29,30,381,2,131.3793103448276,1.2246467991473532e-16,-1.0
2019,7,Taboão da Serra,290000,10800,0.73,105,87,2,47,43,32,381,3,131.3793103448276,-0.4999999999999997,-0.8660254037844388
2019,8,Taboão da Serra,290000,10800,0.73,129,107,3,70,34,34,452,3,155.86206896551724,-0.8660254037844384,-0.5000000000000004
2019,9,Taboão da Serra,290000,10800,0.73,137,86,2,60,38,38,418,3,144.13793103448276,-1.0,-1.8369701987210297e-16
2019,10,Taboão da Serra,290000,10800,0.73,95,100,2,39,44,24,368,4,126.89655172413792,-0.8660254037844386,0.5000000000000001
2019,11,Taboão da Serra,290000,10800,0.73,104,70,2,41,33,18,340,4,117.24137931034484,-0.5000000000000004,0.8660254037844384
2019,12,Taboão da Serra,290000,10800,0.73,89,79,2,43,36,27,328,4,113.10344827586208,-2.4492935982947064e-16,1.0
2020,1,Taboão da Serra,290000,10800,0.73,108,75,2,36,31,29,337,1,116.20689655172413,0.49999999999999994,0.8660254037844387
2020,2,Taboão da Serra,290000,10800,0.73,103,76,2,38,32,31,341,1,117.58620689655173,0.8660254037844386,0.5000000000000001
2020,3,Taboão da Serra,290000,10800,0.73,122,92,2,54,38,27,406,1,140.0,1.0,6.123233995736766e-17
2020,4,Taboão da Serra,290000,10800,0.73,120,75,2,54,34,29,373,2,128.6206896551724,0.8660254037844387,-0.4999999999999998
2020,5,Taboão da Serra,290000,10800,0.73,143,103,3,47,43,36,449,2,154.82758620689654,0.49999999999999994,-0.8660254037844387
2020,6,Taboão da Serra,290000,10800,0.73,133,111,3,51,54,34,460,2,158.6206896551724,1.2246467991473532e-16,-1.0
2020,7,Taboão da Serra,290000,10800,0.73,120,92,3,55,42,36,436,3,150.3448275862069,-0.4999999999999997,-0.8660254037844388
2020,8,Taboão da Serra,290000,10800,0.73,114,96,2,51,48,42,419,3,144.48275862068965,-0.8660254037844384,-0.5000000000000004
2020,9,Taboão da Serra,290000,10800,0.73,99,70,2,39,39,33,330,3,113.79310344827587,-1.0,-1.8369701987210297e-16
2020,10,Taboão da Serra,290000,10800,0.73,103,81,2,42,38,23,347,4,119.6551724137931,-0.8660254037844386,0.5000000000000001
2020,11,Taboão da Serra,290000,10800,0.73,85,58,2,27,27,31,284,4,97.93103448275862,-0.5000000000000004,0.8660254037844384
2020,12,Taboão da Serra,290000,10800,0.73,109,77,2,38,39,38,354,4,122.06896551724138,-2.4492935982947064e-16,1.0
2021,1,Taboão da Serra,290000,10800,0.73,106,61,2,41,31,25,323,1,111.37931034482759,0.49999999999999994,0.8660254037844387
2021,2,Taboão da Serra,290000,10800,0.73,87,68,2,37,40,28,325,1,112.06896551724137,0.8660254037844386,0.5000000000000001
2021,3,Taboão da Serra,290000,10800,0.73,90,69,2,41,35,27,322,1,111.03448275862068,1.0,6.123233995736766e-17
2021,4,Taboão da Serra,290000,10800,0.73,114,86,3,35,33,39,386,2,133.10344827586206,0.8660254037844387,-0.4999999999999998
2021,5,Taboão da Serra,290000,10800,0.73,120,101,2,36,41,31,402,2,138.6206896551724,0.49999999999999994,-0.8660254037844387
2021,6,Taboão da Serra,290000,10800,0.73,122,84,2,48,24,31,380,2,131.0344827586207,1.2246467991473532e-16,-1.0
2021,7,Taboão da Serra,290000,10800,0.73,131,117,3,52,52,34,465,3,160.3448275862069,-0.4999999999999997,-0.8660254037844388
2021,8,Taboão da Serra,290000,10800,0.73,100,65,2,55,46,24,349,3,120.3448275862069,-0.8660254037844384,-0.5000000000000004
2021,9,Taboão da Serra,290000,10800,0.73,136,74,3,43,37,29,396,3,136.55172413793105,-1.0,-1.8369701987210297e-16
2021,10,Taboão da Serra,290000,10800,0.73,126,77,2,37,35,31,378,4,130.3448275862069,-0.8660254037844386,0.5000000000000001
2021,11,Taboão da Serra,290000,10800,0.73,95,75,2,43,30,21,320,4,110.3448275862069,-0.5000000000000004,0.8660254037844384
2021,12,Taboão da Serra,290000,10800,0.73,114,50,2,46,28,37,343,4,118.27586206896552,-2.4492935982947064e-16,1.0
2022,1,Taboão da Serra,290000,10800,0.73,77,72,2,37,24,29,295,1,101.72413793103448,0.49999999999999994,0.8660254037844387
2022,2,Taboão da Serra,290000,10800,0.73,110,73,2,40,40,23,341,1,117.58620689655173,0.8660254037844386,0.5000000000000001
2022,3,Taboão da Serra,290000,10800,0.73,86,74,2,43,45,35,341,1,117.58620689655173,1.0,6.123233995736766e-17
2022,4,Taboão da Serra,290000,10800,0.73,130,70,2,60,41,30,392,2,135.17241379310346,0.8660254037844387,-0.4999999999999998
2022,5,Taboão da Serra,290000,10800,0.73,119,107,3,54,40,36,434,2,149.6551724137931,0.49999999999999994,-0.8660254037844387
2022,6,Taboão da Serra,290000,10800,0.73,130,94,3,57,35,30,424,2,146.20689655172413,1.2246467991473532e-16,-1.0
2022,7,Taboão da Serra,290000,10800,0.73,99,87,3,59,32,37,400,3,137.9310344827586,-0.4999999999999997,-0.8660254037844388
2022,8,Taboão da Serra,290000,10800,0.73,90,78,2,44,39,24,335,3,115.51724137931033,-0.8660254037844384,-0.5000000000000004
2022,9,Taboão da Serra,290000,10800,0.73,131,71,2,38,27,35,365,3,125.86206896551724,-1.0,-1.8369701987210297e-16
2022,10,Taboão da Serra,290000,10800,0.73,97,74,2,40,32,20,323,4,111.37931034482759,-0.8660254037844386,0.5000000000000001
2022,11,Taboão da Serra,290000,10800,0.73,79,65,1,33,31,26,279,4,96.20689655172414,-0.5000000000000004,0.8660254037844384
2022,12,Taboão da Serra,290000,10800,0.73,105,55,1,33,28,17,280,4,96.55172413793103,-2.4492935982947064e-16,1.0
2023,1,Taboão da Serra,290000,10800,0.73,96,73,2,34,43,26,337,1,116.20689655172413,0.49999999999999994,0.8660254037844387
2023,2,Taboão da Serra,290000,10800,0.73,100,72,2,38,32,23,328,1,113.10344827586208,0.8660254037844386,0.5000000000000001
2023,3,Taboão da Serra,290000,10800,0.73,106,62,2,45,29,24,335,1,115.51724137931033,1.0,6.123233995736766e-17
2023,4,Taboão da Serra,290000,10800,0.73,114,87,2,33,40,21,361,2,124.48275862068967,0.8660254037844387,-0.4999999999999998
2023,5,Taboão da Serra,290000,10800,0.73,115,77,3,51,36,20,382,2,131.72413793103448,0.49999999999999994,-0.8660254037844387
2023,6,Taboão da Serra,290000,10800,0.73,123,91,2,50,27,28,388,2,133.79310344827584,1.2246467991473532e-16,-1.0
2023,7,Taboão da Serra,290000,10800,0.73,97,76,2,53,34,26,354,3,122.06896551724138,-0.4999999999999997,-0.8660254037844388
2023,8,Taboão da Serra,290000,10800,0.73,130,79,2,47,33,25,380,3,131.0344827586207,-0.8660254037844384,-0.5000000000000004
2023,9,Taboão da Serra,290000,10800,0.73,102,83,2,49,33,27,353,3,121.72413793103448,-1.0,-1.8369701987210297e-16
2023,10,Taboão da Serra,290000,10800,0.73,98,75,2,39,28,20,319,4,110.0,-0.8660254037844386,0.5000000000000001
2023,11,Taboão da Serra,290000,10800,0.73,74,75,1,31,25,23,276,4,95.17241379310344,-0.5000000000000004,0.8660254037844384
2023,12,Taboão da Serra,290000,10800,0.73,95,63,2,48,29,22,315,4,108.62068965517241,-2.4492935982947064e-16,1.0
2018,1,Itaquera,200000,6400,0.77,60,49,2,38,18,18,236,1,118.0,0.49999999999999994,0.8660254037844387
2018,2,Itaquera,200000,6400,0.77,84,46,2,25,24,18,256,1,128.0,0.8660254037844386,0.5000000000000001
2018,3,Itaquera,200000,6400,0.77,104,62,1,42,31,26,306,1,153.0,1.0,6.123233995736766e-17
2018,4,Itaquera,200000,6400,0.77,89,58,2,36,23,26,288,2,144.0,0.8660254037844387,-0.4999999999999998
2018,5,Itaquera,200000,6400,0.77,124,83,2,39,31,25,374,2,187.0,0.49999999999999994,-0.8660254037844387
2018,6,Itaquera,200000,6400,0.77,101,70,2,41,30,28,325,2,162.5,1.2246467991473532e-16,-1.0
2018,7,Itaquera,200000,6400,0.77,98,75,2,34,29,30,323,3,161.5,-0.4999999999999997,-0.8660254037844388
2018,8,Itaquera,200000,6400,0.77,100,80,2,34,33,25,335,3,167.5,-0.8660254037844384,-0.5000000000000004
2018,9,Itaquera,200000,6400,0.77,69,55,1,30,34,17,251,3,125.5,-1.0,-1.8369701987210297e-16
2018,10,Itaquera,200000,6400,0.77,75,48,1,33,36,26,261,4,130.5,-0.8660254037844386,0.5000000000000001
2018,11,Itaquera,200000,6400,0.77,75,62,2,44,28,14,273,4,136.5,-0.5000000000000004,0.8660254037844384
2018,12,Itaquera,200000,6400,0.77,90,48,2,30,22,15,257,4,128.5,-2.4492935982947064e-16,1.0
2019,1,Itaquera,200000,6400,0.77,60,70,1,33,19,23,237,1,118.50000000000001,0.49999999999999994,0.8660254037844387
2019,2,Itaquera,200000,6400,0.77,82,42,1,36,26,27,260,1,130.0,0.8660254037844386,0.5000000000000001
2019,3,Itaquera,200000,6400,0.77,91,71,2,42,33,26,319,1,159.5,1.0,6.123233995736766e-17
2019,4,Itaquera,200000,6400,0.77,87,58,1,42,32,25,293,2,146.5,0.8660254037844387,-0.4999999999999998
2019,5,Itaquera,200000,6400,0.77,97,70,2,42,35,21,320,2,160.0,0.49999999999999994,-0.8660254037844387
2019,6,Itaquera,200000,6400,0.77,107,86,2,46,25,16,338,2,169.0,1.2246467991473532e-16,-1.0
2019,7,Itaquera,200000,6400,0.77,78,75,1,41,27,21,288,3,144.0,-0.4999999999999997,-0.8660254037844388
2019,8,Itaquera,200000,6400,0.77,90,67,2,34,32,23,298,3,149.0,-0.8660254037844384,-0.5000000000000004
2019,9,Itaquera,200000,6400,0.77,85,65,2,37,24,30,302,3,151.0,-1.0,-1.8369701987210297e-16
2019,10,Itaquera,200000,6400,0.77,86,44,1,38,23,19,252,4,126.0,-0.8660254037844386,0.5000000000000001
2019,11,Itaquera,200000,6400,0.77,77,52,2,35,23,13,252,4,126.0,-0.5000000000000004,0.8660254037844384
2019,12,Itaquera,200000,6400,0.77,71,56,2,26,23,17,247,4,123.5,-2.4492935982947064e-16,1.0
2020,1,Itaquera,200000,6400,0.77,54,52,1,26,22,21,215,1,107.5,0.49999999999999994,0.8660254037844387
2020,2,Itaquera,200000,6400,0.77,81,65,1,31,26,21,269,1,134.5,0.8660254037844386,0.5000000000000001
2020,3,Itaquera,200000,6400,0.77,81,73,1,41,31,28,301,1,150.5,1.0,6.123233995736766e-17
2020,4,Itaquera,200000,6400,0.77,91,71,1,38,30,18,292,2,146.0,0.8660254037844387,-0.4999999999999998
2020,5,Itaquera,200000,6400,0.77,114,65,2,35,31,22,335,2,167.5,0.49999999999999994,-0.8660254037844387
2020,6,Itaquera,200000,6400,0.77,102,57,1,44,22,24,288,2,144.0,1.2246467991473532e-16,-1.0
2020,7,Itaquera,200000,6400,0.77,103,71,2,41,39,37,357,3,178.5,-0.4999999999999997,-0.8660254037844388
2020,8,Itaquera,200000,6400,0.77,82,76,2,35,31,30,306,3,153.0,-0.8660254037844384,-0.5000000000000004
2020,9,Itaquera,200000,6400,0.77,83,57,2,26,21,20,257,3,128.5,-1.0,-1.8369701987210297e-16
2020,10,Itaquera,200000,6400,0.77,80,66,1,25,25,17,256,4,128.0,-0.8660254037844386,0.5000000000000001
2020,11,Itaquera,200000,6400,0.77,56,50,2,31,22,20,230,4,115.0,-0.5000000000000004,0.8660254037844384
2020,12,Itaquera,200000,6400,0.77,73,60,1,27,29,19,252,4,126.0,-2.4492935982947064e-16,1.0
2021,1,Itaquera,200000,6400,0.77,72,54,1,27,27,26,247,1,123.5,0.49999999999999994,0.8660254037844387
2021,2,Itaquera,200000,6400,0.77,80,46,1,22,16,16,229,1,114.5,0.8660254037844386,0.5000000000000001
2021,3,Itaquera,200000,6400,0.77,73,51,2,32,24,24,255,1,127.50000000000001,1.0,6.123233995736766e-17
2021,4,Itaquera,200000,6400,0.77,99,62,1,24,27,15,276,2,138.0,0.8660254037844387,-0.4999999999999998
2021,5,Itaquera,200000,6400,0.77,78,66,2,32,39,19,290,2,145.0,0.49999999999999994,-0.8660254037844387
2021,6,Itaquera,200000,6400,0.77,98,60,2,38,25,21,305,2,152.5,1.2246467991473532e-16,-1.0
2021,7,Itaquera,200000,6400,0.77,98,52,2,36,37,20,294,3,147.0,-0.4999999999999997,-0.8660254037844388
2021,8,Itaquera,200000,6400,0.77,99,65,1,34,20,19,286,3,143.0,-0.8660254037844384,-0.5000000000000004
2021,9,Itaquera,200000,6400,0.77,88,68,2,33,33,24,300,3,150.0,-1.0,-1.8369701987210297e-16
2021,10,Itaquera,200000,6400,0.77,86,53,1,31,25,24,268,4,134.0,-0.8660254037844386,0.5000000000000001
2021,11,Itaquera,200000,6400,0.77,60,54,2,25,18,22,231,4,115.5,-0.5000000000000004,0.8660254037844384
2021,12,Itaquera,200000,6400,0.77,65,54,1,28,38,20,251,4,125.5,-2.4492935982947064e-16,1.0
2022,1,Itaquera,200000,6400,0.77,60,51,1,22,20,29,224,1,111.99999999999999,0.49999999999999994,0.8660254037844387
2022,2,Itaquera,200000,6400,0.77,67,56,1,24,30,19,242,1,120.99999999999999,0.8660254037844386,0.5000000000000001
2022,3,Itaquera,200000,6400,0.77,78,74,1,33,20,26,275,1,137.5,1.0,6.123233995736766e-17
2022,4,Itaquera,200000,6400,0.77,77,79,1,35,32,22,288,2,144.0,0.8660254037844387,-0.4999999999999998
2022,5,Itaquera,200000,6400,0.77,103,54,2,28,31,19,285,2,142.5,0.49999999999999994,-0.8660254037844387
2022,6,Itaquera,200000,6400,0.77,84,63,1,43,34,18,287,2,143.5,1.2246467991473532e-16,-1.0
2022,7,Itaquera,200000,6400,0.77,92,63,2,42,27,19,302,3,151.0,-0.4999999999999997,-0.8660254037844388
2022,8,Itaquera,200000,6400,0.77,99,76,2,40,32,32,342,3,171.0,-0.8660254037844384,-0.5000000000000004
2022,9,Itaquera,200000,6400,0.77,81,50,1,34,31,19,264,3,132.0,-1.0,-1.8369701987210297e-16
2022,10,Itaquera,200000,6400,0.77,85,50,1,36,26,22,260,4,130.0,-0.8660254037844386,0.5000000000000001
2022,11,Itaquera,200000,6400,0.77,76,52,2,27,25,15,246,4,123.0,-0.5000000000000004,0.8660254037844384
2022,12,Itaquera,200000,6400,0.77,63,47,1,27,24,21,222,4,111.00000000000001,-2.4492935982947064e-16,1.0
2023,1,Itaquera,200000,6400,0.77,71,57,1,37,21,16,240,1,119.99999999999999,0.49999999999999994,0.8660254037844387
2023,2,Itaquera,200000,6400,0.77,68,55,1,26,23,14,234,1,117.0,0.8660254037844386,0.5000000000000001
2023,3,Itaquera,200000,6400,0.77,80,63,2,39,25,10,273,1,136.5,1.0,6.123233995736766e-17
2023,4,Itaquera,200000,6400,0.77,89,67,2,40,38,18,311,2,155.5,0.8660254037844387,-0.4999999999999998
2023,5,Itaquera,200000,6400,0.77,82,61,1,36,28,16,263,2,131.5,0.49999999999999994,-0.8660254037844387
2023,6,Itaquera,200000,6400,0.77,85,42,2,36,24,20,257,2,128.5,1.2246467991473532e-16,-1.0
2023,7,Itaquera,200000,6400,0.77,88,52,1,23,25,28,253,3,126.5,-0.4999999999999997,-0.8660254037844388
2023,8,Itaquera,200000,6400,0.77,84,60,2,35,29,21,279,3,139.5,-0.8660254037844384,-0.5000000000000004
2023,9,Itaquera,200000,6400,0.77,87,56,1,25,29,25,265,3,132.5,-1.0,-1.8369701987210297e-16
2023,10,Itaquera,200000,6400,0.77,70,42,1,24,34,18,231,4,115.5,-0.8660254037844386,0.5000000000000001
2023,11,Itaquera,200000,6400,0.77,66,50,1,30,14,19,222,4,111.00000000000001,-0.5000000000000004,0.8660254037844384
2023,12,Itaquera,200000,6400,0.77,65,42,1,28,21,15,213,4,106.5,-2.4492935982947064e-16,1.0
2018,1,Penha,130000,8900,0.79,50,48,1,20,17,9,178,1,136.92307692307693,0.49999999999999994,0.8660254037844387
2018,2,Penha,130000,8900,0.79,62,48,1,28,18,15,208,1,160.0,0.8660254037844386,0.5000000000000001
2018,3,Penha,130000,8900,0.79,66,38,1,27,25,9,211,1,162.3076923076923,1.0,6.123233995736766e-17
2018,4,Penha,130000,8900,0.79,76,58,1,21,28,17,236,2,181.53846153846155,0.8660254037844387,-0.4999999999999998
2018,5,Penha,130000,8900,0.79,83,62,1,34,21,24,273,2,210.0,0.49999999999999994,-0.8660254037844387
2018,6,Penha,130000,8900,0.79,69,46,1,23,29,16,231,2,177.6923076923077,1.2246467991473532e-16,-1.0
2018,7,Penha,130000,8900,0.79,79,37,1,31,11,20,218,3,167.6923076923077,-0.4999999999999997,-0.8660254037844388
2018,8,Penha,130000,8900,0.79,60,52,1,20,19,12,203,3,156.15384615384613,-0.8660254037844384,-0.5000000000000004
2018,9,Penha,130000,8900,0.79,57,42,1,30,19,18,194,3,149.23076923076923,-1.0,-1.8369701987210297e-16
2018,10,Penha,130000,8900,0.79,66,31,1,27,15,17,187,4,143.84615384615384,-0.8660254037844386,0.5000000000000001
2018,11,Penha,130000,8900,0.79,54,28,0,16,23,17,160,4,123.07692307692308,-0.5000000000000004,0.8660254037844384
2018,12,Penha,130000,8900,0.79,51,40,1,31,22,16,195,4,150.0,-2.4492935982947064e-16,1.0
2019,1,Penha,130000,8900,0.79,55,55,1,19,15,16,195,1,150.0,0.49999999999999994,0.8660254037844387
2019,2,Penha,130000,8900,0.79,59,38,1,31,19,14,190,1,146.15384615384616,0.8660254037844386,0.5000000000000001
2019,3,Penha,130000,8900,0.79,61,38,1,27,16,13,195,1,150.0,1.0,6.123233995736766e-17
2019,4,Penha,130000,8900,0.79,54,60,2,35,22,22,247,2,190.0,0.8660254037844387,-0.4999999999999998
2019,5,Penha,130000,8900,0.79,54,54,1,38,22,10,215,2,165.3846153846154,0.49999999999999994,-0.8660254037844387
2019,6,Penha,130000,8900,0.79,86,54,1,27,29,14,247,2,190.0,1.2246467991473532e-16,-1.0
2019,7,Penha,130000,8900,0.79,76,44,1,17,20,20,219,3,168.46153846153845,-0.4999999999999997,-0.8660254037844388
2019,8,Penha,130000,8900,0.79,64,38,1,30,21,24,215,3,165.3846153846154,-0.8660254037844384,-0.5000000000000004
2019,9,Penha,130000,8900,0.79,68,46,1,24,16,22,211,3,162.3076923076923,-1.0,-1.8369701987210297e-16
2019,10,Penha,130000,8900,0.79,57,49,1,21,18,13,184,4,141.53846153846155,-0.8660254037844386,0.5000000000000001
2019,11,Penha,130000,8900,0.79,53,29,1,13,15,13,152,4,116.92307692307692,-0.5000000000000004,0.8660254037844384
2019,12,Penha,130000,8900,0.79,43,39,1,15,18,12,155,4,119.23076923076924,-2.4492935982947064e-16,1.0
2020,1,Penha,130000,8900,0.79,49,33,0,17,12,12,147,1,113.07692307692308,0.49999999999999994,0.8660254037844387
2020,2,Penha,130000,8900,0.79,44,36,1,16,12,20,168,1,129.23076923076923,0.8660254037844386,0.5000000000000001
2020,3,Penha,130000,8900,0.79,68,53,1,21,20,10,202,1,155.3846153846154,1.0,6.123233995736766e-17
2020,4,Penha,130000,8900,0.79,66,45,1,25,16,25,219,2,168.46153846153845,0.8660254037844387,-0.4999999999999998
2020,5,Penha,130000,8900,0.79,62,58,1,32,19,19,230,2,176.92307692307693,0.49999999999999994,-0.8660254037844387
2020,6,Penha,130000,8900,0.79,45,51,1,30,19,15,205,2,157.69230769230768,1.2246467991473532e-16,-1.0
2020,7,Penha,130000,8900,0.79,55,36,1,23,16,14,186,3,143.07692307692307,-0.4999999999999997,-0.8660254037844388
2020,8,Penha,130000,8900,0.79,66,49,1,26,18,19,216,3,166.15384615384616,-0.8660254037844384,-0.5000000000000004
2020,9,Penha,130000,8900,0.79,46,30,1,31,12,15,174,3,133.84615384615384,-1.0,-1.8369701987210297e-16
2020,10,Penha,130000,8900,0.79,63,34,1,24,18,17,186,4,143.07692307692307,-0.8660254037844386,0.5000000000000001
2020,11,Penha,130000,8900,0.79,58,35,1,18,13,15,172,4,132.30769230769232,-0.5000000000000004,0.8660254037844384
2020,12,Penha,130000,8900,0.79,36,35,1,12,15,10,135,4,103.84615384615384,-2.4492935982947064e-16,1.0
2021,1,Penha,130000,8900,0.79,51,42,1,19,20,12,183,1,140.76923076923077,0.49999999999999994,0.8660254037844387
2021,2,Penha,130000,8900,0.79,47,33,1,18,23,19,173,1,133.0769230769231,0.8660254037844386,0.5000000000000001
2021,3,Penha,130000,8900,0.79,52,48,1,23,18,22,199,1,153.07692307692307,1.0,6.123233995736766e-17
2021,4,Penha,130000,8900,0.79,64,36,1,19,20,7,176,2,135.3846153846154,0.8660254037844387,-0.4999999999999998
2021,5,Penha,130000,8900,0.79,50,59,1,26,22,18,213,2,163.84615384615384,0.49999999999999994,-0.8660254037844387
2021,6,Penha,130000,8900,0.79,62,58,1,35,23,20,239,2,183.84615384615384,1.2246467991473532e-16,-1.0
2021,7,Penha,130000,8900,0.79,72,43,1,19,28,22,231,3,177.6923076923077,-0.4999999999999997,-0.8660254037844388
2021,8,Penha,130000,8900,0.79,74,37,1,18,16,15,206,3,158.46153846153845,-0.8660254037844384,-0.5000000000000004
2021,9,Penha,130000,8900,0.79,62,37,1,24,10,12,177,3,136.15384615384616,-1.0,-1.8369701987210297e-16
2021,10,Penha,130000,8900,0.79,75,32,1,22,11,18,188,4,144.6153846153846,-0.8660254037844386,0.5000000000000001
2021,11,Penha,130000,8900,0.79,43,32,1,23,31,8,167,4,128.46153846153848,-0.5000000000000004,0.8660254037844384
2021,12,Penha,130000,8900,0.79,46,24,1,20,13,12,142,4,109.23076923076924,-2.4492935982947064e-16,1.0
2022,1,Penha,130000,8900,0.79,51,29,1,17,18,11,162,1,124.6153846153846,0.49999999999999994,0.8660254037844387
2022,2,Penha,130000,8900,0.79,64,48,1,25,15,12,195,1,150.0,0.8660254037844386,0.5000000000000001
2022,3,Penha,130000,8900,0.79,70,39,1,24,25,13,202,1,155.3846153846154,1.0,6.123233995736766e-17
2022,4,Penha,130000,8900,0.79,77,54,1,31,16,16,232,2,178.46153846153848,0.8660254037844387,-0.4999999999999998
2022,5,Penha,130000,8900,0.79,72,39,1,33,28,14,220,2,169.23076923076923,0.49999999999999994,-0.8660254037844387
2022,6,Penha,130000,8900,0.79,54,47,1,22,29,15,195,2,150.0,1.2246467991473532e-16,-1.0
2022,7,Penha,130000,8900,0.79,76,41,1,28,21,20,226,3,173.84615384615387,-0.4999999999999997,-0.8660254037844388
2022,8,Penha,130000,8900,0.79,50,45,1,24,24,13,189,3,145.3846153846154,-0.8660254037844384,-0.5000000000000004
2022,9,Penha,130000,8900,0.79,59,44,1,15,12,13,174,3,133.84615384615384,-1.0,-1.8369701987210297e-16
2022,10,Penha,130000,8900,0.79,43,41,1,18,24,19,173,4,133.0769230769231,-0.8660254037844386,0.5000000000000001
2022,11,Penha,130000,8900,0.79,40,38,0,17,9,13,141,4,108.46153846153847,-0.5000000000000004,0.8660254037844384
2022,12,Penha,130000,8900,0.79,50,32,1,17,16,10,155,4,119.23076923076924,-2.4492935982947064e-16,1.0
2023,1,Penha,130000,8900,0.79,58,35,1,25,17,17,184,1,141.53846153846155,0.49999999999999994,0.8660254037844387
2023,2,Penha,130000,8900,0.79,47,42,0,16,12,13,151,1,116.15384615384615,0.8660254037844386,0.5000000000000001
2023,3,Penha,130000,8900,0.79,46,40,1,15,21,12,170,1,130.76923076923077,1.0,6.123233995736766e-17
2023,4,Penha,130000,8900,0.79,64,49,1,25,18,20,207,2,159.23076923076923,0.8660254037844387,-0.4999999999999998
2023,5,Penha,130000,8900,0.79,65,47,0,36,19,21,210,2,161.53846153846152,0.49999999999999994,-0.8660254037844387
2023,6,Penha,130000,8900,0.79,69,44,1,37,22,24,234,2,180.0,1.2246467991473532e-16,-1.0
2023,7,Penha,130000,8900,0.79,67,47,1,37,19,22,226,3,173.84615384615387,-0.4999999999999997,-0.8660254037844388
2023,8,Penha,130000,8900,0.79,45,37,0,19,26,13,161,3,123.84615384615385,-0.8660254037844384,-0.5000000000000004
2023,9,Penha,130000,8900,0.79,56,48,1,21,22,8,180,3,138.46153846153845,-1.0,-1.8369701987210297e-16
2023,10,Penha,130000,8900,0.79,62,31,0,20,17,16,168,4,129.23076923076923,-0.8660254037844386,0.5000000000000001
2023,11,Penha,130000,8900,0.79,39,23,1,13,14,13,131,4,100.76923076923077,-0.5000000000000004,0.8660254037844384
2023,12,Penha,130000,8900,0.79,50,28,0,17,18,16,150,4,115.3846153846154,-2.4492935982947064e-16,1.0
2018,1,Mooca,115000,8100,0.83,38,33,1,18,15,3,133,1,115.65217391304348,0.49999999999999994,0.8660254037844387
2018,2,Mooca,115000,8100,0.83,37,28,1,12,17,14,135,1,117.3913043478261,0.8660254037844386,0.5000000000000001
2018,3,Mooca,115000,8100,0.83,42,35,1,16,12,3,140,1,121.7391304347826,1.0,6.123233995736766e-17
2018,4,Mooca,115000,8100,0.83,57,34,1,23,11,18,172,2,149.56521739130434,0.8660254037844387,-0.4999999999999998
2018,5,Mooca,115000,8100,0.83,50,38,1,20,16,13,166,2,144.34782608695653,0.49999999999999994,-0.8660254037844387
2018,6,Mooca,115000,8100,0.83,49,51,1,29,23,13,202,2,175.6521739130435,1.2246467991473532e-16,-1.0
2018,7,Mooca,115000,8100,0.83,50,44,1,16,23,12,179,3,155.65217391304347,-0.4999999999999997,-0.8660254037844388
2018,8,Mooca,115000,8100,0.83,44,33,1,22,12,20,160,3,139.13043478260872,-0.8660254037844384,-0.5000000000000004
2018,9,Mooca,115000,8100,0.83,48,34,1,13,14,11,152,3,132.17391304347828,-1.0,-1.8369701987210297e-16
2018,10,Mooca,115000,8100,0.83,33,35,1,16,10,13,139,4,120.8695652173913,-0.8660254037844386,0.5000000000000001
2018,11,Mooca,115000,8100,0.83,40,29,1,19,5,13,135,4,117.3913043478261,-0.5000000000000004,0.8660254037844384
2018,12,Mooca,115000,8100,0.83,37,26,1,18,11,6,124,4,107.82608695652173,-2.4492935982947064e-16,1.0
2019,1,Mooca,115000,8100,0.83,35,28,1,18,22,7,140,1,121.7391304347826,0.49999999999999994,0.8660254037844387
2019,2,Mooca,115000,8100,0.83,45,20,1,16,21,8,143,1,124.34782608695652,0.8660254037844386,0.5000000000000001
2019,3,Mooca,115000,8100,0.83,45,35,0,10,10,12,135,1,117.3913043478261,1.0,6.123233995736766e-17
2019,4,Mooca,115000,8100,0.83,58,37,1,14,19,9,164,2,142.60869565217394,0.8660254037844387,-0.4999999999999998
2019,5,Mooca,115000,8100,0.83,59,44,1,27,12,15,189,2,164.34782608695653,0.49999999999999994,-0.8660254037844387
2019,6,Mooca,115000,8100,0.83,62,33,1,18,14,10,165,2,143.47826086956522,1.2246467991473532e-16,-1.0
2019,7,Mooca,115000,8100,0.83,50,39,1,21,18,17,174,3,151.30434782608697,-0.4999999999999997,-0.8660254037844388
2019,8,Mooca,115000,8100,0.83,45,47,0,30,11,11,165,3,143.47826086956522,-0.8660254037844384,-0.5000000000000004
2019,9,Mooca,115000,8100,0.83,45,29,1,22,19,10,156,3,135.6521739130435,-1.0,-1.8369701987210297e-16
2019,10,Mooca,115000,8100,0.83,34,31,1,13,16,16,136,4,118.26086956521738,-0.8660254037844386,0.5000000000000001
2019,11,Mooca,115000,8100,0.83,30,31,0,14,13,8,116,4,100.8695652173913,-0.5000000000000004,0.8660254037844384
2019,12,Mooca,115000,8100,0.83,37,27,0,18,10,7,122,4,106.08695652173913,-2.4492935982947064e-16,1.0
2020,1,Mooca,115000,8100,0.83,52,24,1,8,16,8,135,1,117.3913043478261,0.49999999999999994,0.8660254037844387
2020,2,Mooca,115000,8100,0.83,40,29,1,22,22,13,153,1,133.04347826086956,0.8660254037844386,0.5000000000000001
2020,3,Mooca,115000,8100,0.83,43,35,1,23,10,16,166,1,144.34782608695653,1.0,6.123233995736766e-17
2020,4,Mooca,115000,8100,0.83,53,46,1,22,12,9,173,2,150.43478260869566,0.8660254037844387,-0.4999999999999998
2020,5,Mooca,115000,8100,0.83,53,27,2,23,18,12,184,2,160.0,0.49999999999999994,-0.8660254037844387
2020,6,Mooca,115000,8100,0.83,53,35,1,18,18,12,164,2,142.60869565217394,1.2246467991473532e-16,-1.0
2020,7,Mooca,115000,8100,0.83,39,37,1,17,11,12,154,3,133.91304347826087,-0.4999999999999997,-0.8660254037844388
2020,8,Mooca,115000,8100,0.83,41,47,1,22,16,9,169,3,146.95652173913044,-0.8660254037844384,-0.5000000000000004
2020,9,Mooca,115000,8100,0.83,60,32,1,25,22,13,179,3,155.65217391304347,-1.0,-1.8369701987210297e-16
2020,10,Mooca,115000,8100,0.83,42,28,1,17,14,15,142,4,123.4782608695652,-0.8660254037844386,0.5000000000000001
2020,11,Mooca,115000,8100,0.83,23,34,0,25,17,14,137,4,119.1304347826087,-0.5000000000000004,0.8660254037844384
2020,12,Mooca,115000,8100,0.83,39,28,0,17,14,11,129,4,112.17391304347827,-2.4492935982947064e-16,1.0
2021,1,Mooca,115000,8100,0.83,49,21,1,21,9,9,139,1,120.8695652173913,0.49999999999999994,0.8660254037844387
2021,2,Mooca,115000,8100,0.83,39,30,1,16,11,7,130,1,113.04347826086955,0.8660254037844386,0.5000000000000001
2021,3,Mooca,115000,8100,0.83,38,35,0,13,14,6,130,1,113.04347826086955,1.0,6.123233995736766e-17
2021,4,Mooca,115000,8100,0.83,44,28,1,21,20,10,155,2,134.7826086956522,0.8660254037844387,-0.4999999999999998
2021,5,Mooca,115000,8100,0.83,47,56,0,23,14,9,173,2,150.43478260869566,0.49999999999999994,-0.8660254037844387
2021,6,Mooca,115000,8100,0.83,51,46,1,22,15,11,180,2,156.52173913043478,1.2246467991473532e-16,-1.0
2021,7,Mooca,115000,8100,0.83,45,45,0,20,15,9,156,3,135.6521739130435,-0.4999999999999997,-0.8660254037844388
2021,8,Mooca,115000,8100,0.83,50,29,0,20,14,16,153,3,133.04347826086956,-0.8660254037844384,-0.5000000000000004
2021,9,Mooca,115000,8100,0.83,50,26,1,19,21,12,157,3,136.52173913043478,-1.0,-1.8369701987210297e-16
2021,10,Mooca,115000,8100,0.83,48,20,1,18,12,12,137,4,119.1304347826087,-0.8660254037844386,0.5000000000000001
2021,11,Mooca,115000,8100,0.83,40,29,0,9,12,8,119,4,103.47826086956522,-0.5000000000000004,0.8660254037844384
2021,12,Mooca,115000,8100,0.83,45,22,1,15,10,10,127,4,110.43478260869566,-2.4492935982947064e-16,1.0
2022,1,Mooca,115000,8100,0.83,48,31,0,18,13,12,144,1,125.21739130434784,0.49999999999999994,0.8660254037844387
2022,2,Mooca,115000,8100,0.83,46,28,1,22,10,14,150,1,130.43478260869566,0.8660254037844386,0.5000000000000001
2022,3,Mooca,115000,8100,0.83,38,28,1,17,15,11,140,1,121.7391304347826,1.0,6.123233995736766e-17
2022,4,Mooca,115000,8100,0.83,39,35,0,18,16,16,142,2,123.4782608695652,0.8660254037844387,-0.4999999999999998
2022,5,Mooca,115000,8100,0.83,53,42,0,21,19,13,171,2,148.69565217391303,0.49999999999999994,-0.8660254037844387
2022,6,Mooca,115000,8100,0.83,40,36,1,20,17,9,152,2,132.17391304347828,1.2246467991473532e-16,-1.0
2022,7,Mooca,115000,8100,0.83,45,34,1,19,11,13,153,3,133.04347826086956,-0.4999999999999997,-0.8660254037844388
2022,8,Mooca,115000,8100,0.83,67,29,0,20,15,12,165,3,143.47826086956522,-0.8660254037844384,-0.5000000000000004
2022,9,Mooca,115000,8100,0.83,37,31,0,18,20,15,140,3,121.7391304347826,-1.0,-1.8369701987210297e-16
2022,10,Mooca,115000,8100,0.83,30,25,0,24,23,3,127,4,110.43478260869566,-0.8660254037844386,0.5000000000000001
2022,11,Mooca,115000,8100,0.83,40,18,1,9,10,15,117,4,101.73913043478261,-0.5000000000000004,0.8660254037844384
2022,12,Mooca,115000,8100,0.83,37,35,0,19,10,12,133,4,115.65217391304348,-2.4492935982947064e-16,1.0
2023,1,Mooca,115000,8100,0.83,32,24,1,14,13,10,119,1,103.47826086956522,0.49999999999999994,0.8660254037844387
2023,2,Mooca,115000,8100,0.83,43,36,0,13,10,11,136,1,118.26086956521738,0.8660254037844386,0.5000000000000001
2023,3,Mooca,115000,8100,0.83,42,28,1,13,13,10,133,1,115.65217391304348,1.0,6.123233995736766e-17
2023,4,Mooca,115000,8100,0.83,47,33,1,13,21,11,152,2,132.17391304347828,0.8660254037844387,-0.4999999999999998
2023,5,Mooca,115000,8100,0.83,51,35,1,24,10,9,163,2,141.7391304347826,0.49999999999999994,-0.8660254037844387
2023,6,Mooca,115000,8100,0.83,54,21,1,10,12,11,146,2,126.95652173913045,1.2246467991473532e-16,-1.0
2023,7,Mooca,115000,8100,0.83,46,31,1,16,17,9,149,3,129.56521739130434,-0.4999999999999997,-0.8660254037844388
2023,8,Mooca,115000,8100,0.83,47,23,0,20,14,6,132,3,114.78260869565216,-0.8660254037844384,-0.5000000000000004
2023,9,Mooca,115000,8100,0.83,42,31,1,19,12,7,139,3,120.8695652173913,-1.0,-1.8369701987210297e-16
2023,10,Mooca,115000,8100,0.83,37,27,0,12,10,10,118,4,102.6086956521739,-0.8660254037844386,0.5000000000000001
2023,11,Mooca,115000,8100,0.83,37,21,1,17,11,9,124,4,107.82608695652173,-0.5000000000000004,0.8660254037844384
2023,12,Mooca,115000,8100,0.83,36,24,0,13,17,7,120,4,104.34782608695652,-2.4492935982947064e-16,1.0
2018,1,Santana,97000,7300,0.85,28,17,0,12,7,10,96,1,98.96907216494846,0.49999999999999994,0.8660254037844387
2018,2,Santana,97000,7300,0.85,48,21,0,16,11,11,120,1,123.71134020618555,0.8660254037844386,0.5000000000000001
2018,3,Santana,97000,7300,0.85,29,29,0,20,12,7,115,1,118.55670103092784,1.0,6.123233995736766e-17
2018,4,Santana,97000,7300,0.85,39,29,0,19,20,9,133,2,137.11340206185568,0.8660254037844387,-0.4999999999999998
2018,5,Santana,97000,7300,0.85,41,23,1,21,9,12,136,2,140.20618556701032,0.49999999999999994,-0.8660254037844387
2018,6,Santana,97000,7300,0.85,46,22,1,17,15,11,140,2,144.3298969072165,1.2246467991473532e-16,-1.0
2018,7,Santana,97000,7300,0.85,32,22,0,13,13,10,114,3,117.52577319587628,-0.4999999999999997,-0.8660254037844388
2018,8,Santana,97000,7300,0.85,40,33,0,12,17,12,129,3,132.98969072164948,-0.8660254037844384,-0.5000000000000004
2018,9,Santana,97000,7300,0.85,36,19,1,9,14,7,112,3,115.4639175257732,-1.0,-1.8369701987210297e-16
2018,10,Santana,97000,7300,0.85,29,26,0,8,8,11,103,4,106.18556701030928,-0.8660254037844386,0.5000000000000001
2018,11,Santana,97000,7300,0.85,28,23,0,12,4,7,91,4,93.81443298969073,-0.5000000000000004,0.8660254037844384
2018,12,Santana,97000,7300,0.85,26,22,0,19,13,6,97,4,100.0,-2.4492935982947064e-16,1.0
2019,1,Santana,97000,7300,0.85,28,16,0,18,14,4,99,1,102.0618556701031,0.49999999999999994,0.8660254037844387
2019,2,Santana,97000,7300,0.85,28,26,0,15,12,15,116,1,119.58762886597938,0.8660254037844386,0.5000000000000001
2019,3,Santana,97000,7300,0.85,31,20,0,11,11,10,102,1,105.15463917525774,1.0,6.123233995736766e-17
2019,4,Santana,97000,7300,0.85,40,21,1,16,10,8,121,2,124.74226804123711,0.8660254037844387,-0.4999999999999998
2019,5,Santana,97000,7300,0.85,39,32,0,22,12,9,125,2,128.8659793814433,0.49999999999999994,-0.8660254037844387
2019,6,Santana,97000,7300,0.85,43,31,1,17,9,8,136,2,140.20618556701032,1.2246467991473532e-16,-1.0
2019,7,Santana,97000,7300,0.85,33,24,0,22,12,6,111,3,114.43298969072166,-0.4999999999999997,-0.8660254037844388
2019,8,Santana,97000,7300,0.85,32,29,0,25,12,7,129,3,132.98969072164948,-0.8660254037844384,-0.5000000000000004
2019,9,Santana,97000,7300,0.85,39,25,0,13,9,10,120,3,123.71134020618555,-1.0,-1.8369701987210297e-16
2019,10,Santana,97000,7300,0.85,37,27,0,9,8,11,109,4,112.37113402061856,-0.8660254037844386,0.5000000000000001
2019,11,Santana,97000,7300,0.85,41,22,0,19,14,4,115,4,118.55670103092784,-0.5000000000000004,0.8660254037844384
2019,12,Santana,97000,7300,0.85,34,18,0,14,8,4,96,4,98.96907216494846,-2.4492935982947064e-16,1.0
2020,1,Santana,97000,7300,0.85,25,26,1,11,13,4,112,1,115.4639175257732,0.49999999999999994,0.8660254037844387
2020,2,Santana,97000,7300,0.85,39,18,0,9,13,13,110,1,113.4020618556701,0.8660254037844386,0.5000000000000001
2020,3,Santana,97000,7300,0.85,41,28,0,15,14,8,120,1,123.71134020618555,1.0,6.123233995736766e-17
2020,4,Santana,97000,7300,0.85,29,28,0,12,7,9,108,2,111.34020618556703,0.8660254037844387,-0.4999999999999998
2020,5,Santana,97000,7300,0.85,41,32,0,20,7,13,135,2,139.17525773195877,0.49999999999999994,-0.8660254037844387
2020,6,Santana,97000,7300,0.85,35,33,1,10,15,16,134,2,138.1443298969072,1.2246467991473532e-16,-1.0
2020,7,Santana,97000,7300,0.85,45,22,0,13,16,10,127,3,130.9278350515464,-0.4999999999999997,-0.8660254037844388
2020,8,Santana,97000,7300,0.85,35,19,0,12,10,5,103,3,106.18556701030928,-0.8660254037844384,-0.5000000000000004
2020,9,Santana,97000,7300,0.85,36,24,0,17,6,10,116,3,119.58762886597938,-1.0,-1.8369701987210297e-16
2020,10,Santana,97000,7300,0.85,19,18,0,12,10,9,86,4,88.65979381443299,-0.8660254037844386,0.5000000000000001
2020,11,Santana,97000,7300,0.85,32,24,0,6,7,8,89,4,91.75257731958763,-0.5000000000000004,0.8660254037844384
2020,12,Santana,97000,7300,0.85,31,19,0,15,5,5,96,4,98.96907216494846,-2.4492935982947064e-16,1.0
2021,1,Santana,97000,7300,0.85,26,18,0,7,13,7,84,1,86.59793814432989,0.49999999999999994,0.8660254037844387
2021,2,Santana,97000,7300,0.85,32,25,0,12,12,8,109,1,112.37113402061856,0.8660254037844386,0.5000000000000001
2021,3,Santana,97000,7300,0.85,35,26,0,15,2,11,112,1,115.4639175257732,1.0,6.123233995736766e-17
2021,4,Santana,97000,7300,0.85,41,28,1,13,12,14,133,2,137.11340206185568,0.8660254037844387,-0.4999999999999998
2021,5,Santana,97000,7300,0.85,43,28,0,18,9,9,126,2,129.89690721649484,0.49999999999999994,-0.8660254037844387
2021,6,Santana,97000,7300,0.85,34,29,1,20,12,12,139,2,143.29896907216497,1.2246467991473532e-16,-1.0
2021,7,Santana,97000,7300,0.85,33,27,1,13,14,13,126,3,129.89690721649484,-0.4999999999999997,-0.8660254037844388
2021,8,Santana,97000,7300,0.85,39,20,1,11,10,13,124,3,127.83505154639175,-0.8660254037844384,-0.5000000000000004
2021,9,Santana,97000,7300,0.85,26,24,0,13,10,9,104,3,107.21649484536081,-1.0,-1.8369701987210297e-16
2021,10,Santana,97000,7300,0.85,37,24,0,12,10,10,112,4,115.4639175257732,-0.8660254037844386,0.5000000000000001
2021,11,Santana,97000,7300,0.85,27,21,0,12,16,6,96,4,98.96907216494846,-0.5000000000000004,0.8660254037844384
2021,12,Santana,97000,7300,0.85,41,19,0,5,10,11,96,4,98.96907216494846,-2.4492935982947064e-16,1.0
2022,1,Santana,97000,7300,0.85,41,17,0,16,6,6,107,1,110.30927835051546,0.49999999999999994,0.8660254037844387
2022,2,Santana,97000,7300,0.85,32,19,0,14,6,11,99,1,102.0618556701031,0.8660254037844386,0.5000000000000001
2022,3,Santana,97000,7300,0.85,38,26,0,17,14,8,121,1,124.74226804123711,1.0,6.123233995736766e-17
2022,4,Santana,97000,7300,0.85,32,31,1,12,13,4,124,2,127.83505154639175,0.8660254037844387,-0.4999999999999998
2022,5,Santana,97000,7300,0.85,26,38,1,14,11,11,130,2,134.02061855670104,0.49999999999999994,-0.8660254037844387
2022,6,Santana,97000,7300,0.85,41,27,0,12,14,7,122,2,125.77319587628865,1.2246467991473532e-16,-1.0
2022,7,Santana,97000,7300,0.85,33,22,0,14,11,11,113,3,116.49484536082474,-0.4999999999999997,-0.8660254037844388
2022,8,Santana,97000,7300,0.85,31,27,0,13,4,6,101,3,104.12371134020619,-0.8660254037844384,-0.5000000000000004
2022,9,Santana,97000,7300,0.85,36,25,0,7,9,8,108,3,111.34020618556703,-1.0,-1.8369701987210297e-16
2022,10,Santana,97000,7300,0.85,35,22,0,4,13,13,104,4,107.21649484536081,-0.8660254037844386,0.5000000000000001
2022,11,Santana,97000,7300,0.85,33,20,0,16,15,7,102,4,105.15463917525774,-0.5000000000000004,0.8660254037844384
2022,12,Santana,97000,7300,0.85,24,27,0,20,10,8,100,4,103.09278350515464,-2.4492935982947064e-16,1.0
2023,1,Santana,97000,7300,0.85,28,15,0,13,7,5,80,1,82.47422680412372,0.49999999999999994,0.8660254037844387
2023,2,Santana,97000,7300,0.85,29,26,0,13,16,6,108,1,111.34020618556703,0.8660254037844386,0.5000000000000001
2023,3,Santana,97000,7300,0.85,29,23,0,15,17,14,121,1,124.74226804123711,1.0,6.123233995736766e-17
2023,4,Santana,97000,7300,0.85,33,28,0,18,12,7,121,2,124.74226804123711,0.8660254037844387,-0.4999999999999998
2023,5,Santana,97000,7300,0.85,43,22,0,16,14,8,123,2,126.8041237113402,0.49999999999999994,-0.8660254037844387
2023,6,Santana,97000,7300,0.85,30,29,1,14,13,9,121,2,124.74226804123711,1.2246467991473532e-16,-1.0
2023,7,Santana,97000,7300,0.85,35,27,0,12,11,7,115,3,118.55670103092784,-0.4999999999999997,-0.8660254037844388
2023,8,Santana,97000,7300,0.85,37,25,0,11,10,11,110,3,113.4020618556701,-0.8660254037844384,-0.5000000000000004
2023,9,Santana,97000,7300,0.85,38,27,0,13,12,12,125,3,128.8659793814433,-1.0,-1.8369701987210297e-16
2023,10,Santana,97000,7300,0.85,19,24,0,15,10,10,101,4,104.12371134020619,-0.8660254037844386,0.5000000000000001
2023,11,Santana,97000,7300,0.85,25,17,0,14,12,5,87,4,89.69072164948453,-0.5000000000000004,0.8660254037844384
2023,12,Santana,97000,7300,0.85,38,24,0,8,6,8,103,4,106.18556701030928,-2.4492935982947064e-16,1.0
2018,1,Campo Limpo,160000,9600,0.74,67,58,1,18,22,18,223,1,139.375,0.49999999999999994,0.8660254037844387
2018,2,Campo Limpo,160000,9600,0.74,76,63,1,36,32,19,271,1,169.375,0.8660254037844386,0.5000000000000001
2018,3,Campo Limpo,160000,9600,0.74,85,58,1,27,24,31,269,1,168.125,1.0,6.123233995736766e-17
2018,4,Campo Limpo,160000,9600,0.74,84,69,1,37,24,19,281,2,175.625,0.8660254037844387,-0.4999999999999998
2018,5,Campo Limpo,160000,9600,0.74,83,64,2,38,24,26,290,2,181.25,0.49999999999999994,-0.8660254037844387
2018,6,Campo Limpo,160000,9600,0.74,95,67,2,44,24,22,307,2,191.875,1.2246467991473532e-16,-1.0
2018,7,Campo Limpo,160000,9600,0.74,88,60,1,33,37,22,288,3,180.0,-0.4999999999999997,-0.8660254037844388
2018,8,Campo Limpo,160000,9600,0.74,93,71,1,30,21,23,284,3,177.5,-0.8660254037844384,-0.5000000000000004
2018,9,Campo Limpo,160000,9600,0.74,88,67,1,41,20,30,292,3,182.5,-1.0,-1.8369701987210297e-16
2018,10,Campo Limpo,160000,9600,0.74,75,60,2,32,30,22,271,4,169.375,-0.8660254037844386,0.5000000000000001
2018,11,Campo Limpo,160000,9600,0.74,78,53,1,29,26,22,250,4,156.25,-0.5000000000000004,0.8660254037844384
2018,12,Campo Limpo,160000,9600,0.74,81,49,1,26,28,23,254,4,158.75,-2.4492935982947064e-16,1.0
2019,1,Campo Limpo,160000,9600,0.74,62,56,1,27,21,17,228,1,142.5,0.49999999999999994,0.8660254037844387
2019,2,Campo Limpo,160000,9600,0.74,79,59,1,31,24,32,274,1,171.25,0.8660254037844386,0.5000000000000001
2019,3,Campo Limpo,160000,9600,0.74,79,59,1,31,31,19,266,1,166.25,1.0,6.123233995736766e-17
2019,4,Campo Limpo,160000,9600,0.74,80,62,2,38,30,33,301,2,188.125,0.8660254037844387,-0.4999999999999998
2019,5,Campo Limpo,160000,9600,0.74,75,61,2,47,31,16,282,2,176.25,0.49999999999999994,-0.8660254037844387
2019,6,Campo Limpo,160000,9600,0.74,116,73,2,36,32,29,342,2,213.75,1.2246467991473532e-16,-1.0
2019,7,Campo Limpo,160000,9600,0.74,86,78,1,38,22,26,299,3,186.875,-0.4999999999999997,-0.8660254037844388
2019,8,Campo Limpo,160000,9600,0.74,119,71,2,47,26,16,336,3,210.0,-0.8660254037844384,-0.5000000000000004
2019,9,Campo Limpo,160000,9600,0.74,80,56,1,31,22,25,258,3,161.25,-1.0,-1.8369701987210297e-16
2019,10,Campo Limpo,160000,9600,0.74,56,44,1,31,27,16,213,4,133.125,-0.8660254037844386,0.5000000000000001
2019,11,Campo Limpo,160000,9600,0.74,76,51,2,35,31,25,271,4,169.375,-0.5000000000000004,0.8660254037844384
2019,12,Campo Limpo,160000,9600,0.74,59,57,1,20,24,19,223,4,139.375,-2.4492935982947064e-16,1.0
2020,1,Campo Limpo,160000,9600,0.74,84,49,2,43,32,19,278,1,173.75,0.49999999999999994,0.8660254037844387
2020,2,Campo Limpo,160000,9600,0.74,76,63,1,29,18,21,241,1,150.625,0.8660254037844386,0.5000000000000001
2020,3,Campo Limpo,160000,9600,0.74,83,60,2,30,34,19,289,1,180.625,1.0,6.123233995736766e-17
2020,4,Campo Limpo,160000,9600,0.74,60,53,1,33,28,23,242,2,151.25,0.8660254037844387,-0.4999999999999998
2020,5,Campo Limpo,160000,9600,0.74,88,69,2,34,28,35,310,2,193.75,0.49999999999999994,-0.8660254037844387
2020,6,Campo Limpo,160000,9600,0.74,94,80,2,36,29,21,322,2,201.25,1.2246467991473532e-16,-1.0
2020,7,Campo Limpo,160000,9600,0.74,102,65,2,38,27,27,325,3,203.125,-0.4999999999999997,-0.8660254037844388
2020,8,Campo Limpo,160000,9600,0.74,74,83,2,27,29,27,295,3,184.375,-0.8660254037844384,-0.5000000000000004
2020,9,Campo Limpo,160000,9600,0.74,72,41,2,37,22,29,252,3,157.5,-1.0,-1.8369701987210297e-16
2020,10,Campo Limpo,160000,9600,0.74,82,63,1,26,24,17,248,4,155.0,-0.8660254037844386,0.5000000000000001
2020,11,Campo Limpo,160000,9600,0.74,62,48,1,28,24,16,211,4,131.875,-0.5000000000000004,0.8660254037844384
2020,12,Campo Limpo,160000,9600,0.74,73,49,1,31,19,16,232,4,145.0,-2.4492935982947064e-16,1.0
2021,1,Campo Limpo,160000,9600,0.74,68,37,1,36,24,12,218,1,136.25,0.49999999999999994,0.8660254037844387
2021,2,Campo Limpo,160000,9600,0.74,61,50,1,24,17,14,196,1,122.5,0.8660254037844386,0.5000000000000001
2021,3,Campo Limpo,160000,9600,0.74,78,57,1,43,22,28,277,1,173.125,1.0,6.123233995736766e-17
2021,4,Campo Limpo,160000,9600,0.74,90,52,1,30,28,20,264,2,165.0,0.8660254037844387,-0.4999999999999998
2021,5,Campo Limpo,160000,9600,0.74,100,59,2,56,31,38,340,2,212.50000000000003,0.49999999999999994,-0.8660254037844387
2021,6,Campo Limpo,160000,9600,0.74,83,66,2,40,30,23,308,2,192.5,1.2246467991473532e-16,-1.0
2021,7,Campo Limpo,160000,9600,0.74,100,68,2,24,30,30,312,3,195.0,-0.4999999999999997,-0.8660254037844388
2021,8,Campo Limpo,160000,9600,0.74,81,51,1,32,30,25,268,3,167.5,-0.8660254037844384,-0.5000000000000004
2021,9,Campo Limpo,160000,9600,0.74,74,58,1,31,24,28,259,3,161.875,-1.0,-1.8369701987210297e-16
2021,10,Campo Limpo,160000,9600,0.74,78,53,2,28,18,24,255,4,159.375,-0.8660254037844386,0.5000000000000001
2021,11,Campo Limpo,160000,9600,0.74,73,47,1,32,18,23,236,4,147.5,-0.5000000000000004,0.8660254037844384
2021,12,Campo Limpo,160000,9600,0.74,71,43,1,26,16,22,227,4,141.875,-2.4492935982947064e-16,1.0
2022,1,Campo Limpo,160000,9600,0.74,71,55,1,29,23,17,224,1,140.0,0.49999999999999994,0.8660254037844387
2022,2,Campo Limpo,160000,9600,0.74,59,52,1,28,25,17,222,1,138.75,0.8660254037844386,0.5000000000000001
2022,3,Campo Limpo,160000,9600,0.74,71,58,1,37,22,19,256,1,160.0,1.0,6.123233995736766e-17
2022,4,Campo Limpo,160000,9600,0.74,66,67,1,21,24,19,239,2,149.375,0.8660254037844387,-0.4999999999999998
2022,5,Campo Limpo,160000,9600,0.74,83,65,2,38,29,18,287,2,179.375,0.49999999999999994,-0.8660254037844387
2022,6,Campo Limpo,160000,9600,0.74,77,73,1,42,31,24,290,2,181.25,1.2246467991473532e-16,-1.0
2022,7,Campo Limpo,160000,9600,0.74,92,65,1,35,24,18,273,3,170.625,-0.4999999999999997,-0.8660254037844388
2022,8,Campo Limpo,160000,9600,0.74,74,63,1,34,28,15,260,3,162.5,-0.8660254037844384,-0.5000000000000004
2022,9,Campo Limpo,160000,9600,0.74,86,51,1,34,26,19,259,3,161.875,-1.0,-1.8369701987210297e-16
2022,10,Campo Limpo,160000,9600,0.74,70,62,1,25,35,21,252,4,157.5,-0.8660254037844386,0.5000000000000001
2022,11,Campo Limpo,160000,9600,0.74,60,48,1,22,19,12,194,4,121.25,-0.5000000000000004,0.8660254037844384
2022,12,Campo Limpo,160000,9600,0.74,78,59,1,29,23,13,247,4,154.375,-2.4492935982947064e-16,1.0
2023,1,Campo Limpo,160000,9600,0.74,65,51,1,23,19,15,205,1,128.125,0.49999999999999994,0.8660254037844387
2023,2,Campo Limpo,160000,9600,0.74,69,48,1,18,19,20,205,1,128.125,0.8660254037844386,0.5000000000000001
2023,3,Campo Limpo,160000,9600,0.74,84,58,1,17,28,24,260,1,162.5,1.0,6.123233995736766e-17
2023,4,Campo Limpo,160000,9600,0.74,63,51,1,31,27,16,231,2,144.375,0.8660254037844387,-0.4999999999999998
2023,5,Campo Limpo,160000,9600,0.74,68,61,1,36,30,22,261,2,163.125,0.49999999999999994,-0.8660254037844387
2023,6,Campo Limpo,160000,9600,0.74,85,53,2,29,32,21,270,2,168.75,1.2246467991473532e-16,-1.0
2023,7,Campo Limpo,160000,9600,0.74,79,57,2,30,23,25,268,3,167.5,-0.4999999999999997,-0.8660254037844388
2023,8,Campo Limpo,160000,9600,0.74,84,66,1,32,31,30,289,3,180.625,-0.8660254037844384,-0.5000000000000004
2023,9,Campo Limpo,160000,9600,0.74,56,42,2,26,30,16,223,3,139.375,-1.0,-1.8369701987210297e-16
2023,10,Campo Limpo,160000,9600,0.74,77,54,1,22,21,31,247,4,154.375,-0.8660254037844386,0.5000000000000001
2023,11,Campo Limpo,160000,9600,0.74,66,41,2,26,16,19,222,4,138.75,-0.5000000000000004,0.8660254037844384
2023,12,Campo Limpo,160000,9600,0.74,63,46,1,25,16,24,207,4,129.375,-2.4492935982947064e-16,1.0
